Date,Weekday,Hour,TrafficVolume
01/05/2021,Saturday,,10
01/05/2021,Saturday,,6
01/05/2021,Saturday,,6
01/05/2021,Saturday,,7
01/05/2021,Saturday,,2
01/05/2021,Saturday,,6
01/05/2021,Saturday,,8
01/05/2021,Saturday,,1
01/05/2021,Saturday,,2
01/05/2021,Saturday,,1
01/05/2021,Saturday,,1
01/05/2021,Saturday,,3
01/05/2021,Saturday,,5
01/05/2021,Saturday,,0
01/05/2021,Saturday,,2
01/05/2021,Saturday,,2
01/05/2021,Saturday,,2
01/05/2021,Saturday,,8
01/05/2021,Saturday,,2
01/05/2021,Saturday,,5
01/05/2021,Saturday,,11
01/05/2021,Saturday,,8
01/05/2021,Saturday,,23
01/05/2021,Saturday,,19
01/05/2021,Saturday,,18
01/05/2021,Saturday,,26
01/05/2021,Saturday,,27
01/05/2021,Saturday,,27
01/05/2021,Saturday,,29
01/05/2021,Saturday,,45
01/05/2021,Saturday,,60
01/05/2021,Saturday,,60
01/05/2021,Saturday,,66
01/05/2021,Saturday,,77
01/05/2021,Saturday,,80
01/05/2021,Saturday,,120
01/05/2021,Saturday,,143
01/05/2021,Saturday,,172
01/05/2021,Saturday,,174
01/05/2021,Saturday,,159
01/05/2021,Saturday,,161
01/05/2021,Saturday,,163
01/05/2021,Saturday,,170
01/05/2021,Saturday,,179
01/05/2021,Saturday,,185
01/05/2021,Saturday,,178
01/05/2021,Saturday,,210
01/05/2021,Saturday,,211
01/05/2021,Saturday,,204
01/05/2021,Saturday,,186
01/05/2021,Saturday,,217
01/05/2021,Saturday,,166
01/05/2021,Saturday,,175
01/05/2021,Saturday,,166
01/05/2021,Saturday,,173
01/05/2021,Saturday,,164
01/05/2021,Saturday,,167
01/05/2021,Saturday,,159
01/05/2021,Saturday,,162
01/05/2021,Saturday,,156
01/05/2021,Saturday,,192
01/05/2021,Saturday,,143
01/05/2021,Saturday,,157
01/05/2021,Saturday,,149
01/05/2021,Saturday,,147
01/05/2021,Saturday,,153
01/05/2021,Saturday,,133
01/05/2021,Saturday,,154
01/05/2021,Saturday,,156
01/05/2021,Saturday,,126
01/05/2021,Saturday,,133
01/05/2021,Saturday,,107
01/05/2021,Saturday,,127
01/05/2021,Saturday,,133
01/05/2021,Saturday,,97
01/05/2021,Saturday,,89
01/05/2021,Saturday,,81
01/05/2021,Saturday,,70
01/05/2021,Saturday,,75
01/05/2021,Saturday,,52
01/05/2021,Saturday,,65
01/05/2021,Saturday,,40
01/05/2021,Saturday,,49
01/05/2021,Saturday,,42
01/05/2021,Saturday,,39
01/05/2021,Saturday,,35
01/05/2021,Saturday,,30
01/05/2021,Saturday,,16
01/05/2021,Saturday,,35
01/05/2021,Saturday,,26
01/05/2021,Saturday,,26
01/05/2021,Saturday,,23
01/05/2021,Saturday,,16
01/05/2021,Saturday,,12
01/05/2021,Saturday,,8
01/05/2021,Saturday,,10
02/05/2021,Sunday,,9
02/05/2021,Sunday,,6
02/05/2021,Sunday,,7
02/05/2021,Sunday,,5
02/05/2021,Sunday,,5
02/05/2021,Sunday,,9
02/05/2021,Sunday,,4
02/05/2021,Sunday,,1
02/05/2021,Sunday,,1
02/05/2021,Sunday,,0
02/05/2021,Sunday,,2
02/05/2021,Sunday,,1
02/05/2021,Sunday,,3
02/05/2021,Sunday,,0
02/05/2021,Sunday,,1
02/05/2021,Sunday,,1
02/05/2021,Sunday,,2
02/05/2021,Sunday,,0
02/05/2021,Sunday,,5
02/05/2021,Sunday,,2
02/05/2021,Sunday,,4
02/05/2021,Sunday,,5
02/05/2021,Sunday,,13
02/05/2021,Sunday,,9
02/05/2021,Sunday,,14
02/05/2021,Sunday,,15
02/05/2021,Sunday,,18
02/05/2021,Sunday,,18
02/05/2021,Sunday,,23
02/05/2021,Sunday,,30
02/05/2021,Sunday,,36
02/05/2021,Sunday,,28
02/05/2021,Sunday,,55
02/05/2021,Sunday,,60
02/05/2021,Sunday,,78
02/05/2021,Sunday,,100
02/05/2021,Sunday,,139
02/05/2021,Sunday,,167
02/05/2021,Sunday,,184
02/05/2021,Sunday,,168
02/05/2021,Sunday,,151
02/05/2021,Sunday,,167
02/05/2021,Sunday,,148
02/05/2021,Sunday,,185
02/05/2021,Sunday,,192
02/05/2021,Sunday,,179
02/05/2021,Sunday,,205
02/05/2021,Sunday,,202
02/05/2021,Sunday,,173
02/05/2021,Sunday,,193
02/05/2021,Sunday,,194
02/05/2021,Sunday,,196
02/05/2021,Sunday,,167
02/05/2021,Sunday,,160
02/05/2021,Sunday,,140
02/05/2021,Sunday,,112
02/05/2021,Sunday,,126
02/05/2021,Sunday,,136
02/05/2021,Sunday,,144
02/05/2021,Sunday,,133
02/05/2021,Sunday,,118
02/05/2021,Sunday,,139
02/05/2021,Sunday,,126
02/05/2021,Sunday,,107
02/05/2021,Sunday,,148
02/05/2021,Sunday,,129
02/05/2021,Sunday,,106
02/05/2021,Sunday,,97
02/05/2021,Sunday,,115
02/05/2021,Sunday,,87
02/05/2021,Sunday,,103
02/05/2021,Sunday,,87
02/05/2021,Sunday,,73
02/05/2021,Sunday,,73
02/05/2021,Sunday,,73
02/05/2021,Sunday,,73
02/05/2021,Sunday,,61
02/05/2021,Sunday,,50
02/05/2021,Sunday,,61
02/05/2021,Sunday,,49
02/05/2021,Sunday,,55
02/05/2021,Sunday,,59
02/05/2021,Sunday,,36
02/05/2021,Sunday,,32
02/05/2021,Sunday,,24
02/05/2021,Sunday,,25
02/05/2021,Sunday,,25
02/05/2021,Sunday,,16
02/05/2021,Sunday,,18
02/05/2021,Sunday,,16
02/05/2021,Sunday,,21
02/05/2021,Sunday,,5
02/05/2021,Sunday,,9
02/05/2021,Sunday,,10
02/05/2021,Sunday,,8
02/05/2021,Sunday,,7
03/05/2021,Monday,,4
03/05/2021,Monday,,8
03/05/2021,Monday,,3
03/05/2021,Monday,,1
03/05/2021,Monday,,2
03/05/2021,Monday,,5
03/05/2021,Monday,,2
03/05/2021,Monday,,1
03/05/2021,Monday,,5
03/05/2021,Monday,,4
03/05/2021,Monday,,2
03/05/2021,Monday,,3
03/05/2021,Monday,,1
03/05/2021,Monday,,0
03/05/2021,Monday,,1
03/05/2021,Monday,,5
03/05/2021,Monday,,3
03/05/2021,Monday,,6
03/05/2021,Monday,,2
03/05/2021,Monday,,5
03/05/2021,Monday,,3
03/05/2021,Monday,,13
03/05/2021,Monday,,10
03/05/2021,Monday,,10
03/05/2021,Monday,,11
03/05/2021,Monday,,20
03/05/2021,Monday,,20
03/05/2021,Monday,,17
03/05/2021,Monday,,26
03/05/2021,Monday,,31
03/05/2021,Monday,,56
03/05/2021,Monday,,63
03/05/2021,Monday,,61
03/05/2021,Monday,,52
03/05/2021,Monday,,72
03/05/2021,Monday,,81
03/05/2021,Monday,,95
03/05/2021,Monday,,95
03/05/2021,Monday,,115
03/05/2021,Monday,,121
03/05/2021,Monday,,149
03/05/2021,Monday,,131
03/05/2021,Monday,,174
03/05/2021,Monday,,140
03/05/2021,Monday,,143
03/05/2021,Monday,,164
03/05/2021,Monday,,144
03/05/2021,Monday,,150
03/05/2021,Monday,,138
03/05/2021,Monday,,160
03/05/2021,Monday,,154
03/05/2021,Monday,,147
03/05/2021,Monday,,127
03/05/2021,Monday,,149
03/05/2021,Monday,,133
03/05/2021,Monday,,147
03/05/2021,Monday,,164
03/05/2021,Monday,,146
03/05/2021,Monday,,145
03/05/2021,Monday,,126
03/05/2021,Monday,,126
03/05/2021,Monday,,129
03/05/2021,Monday,,156
03/05/2021,Monday,,143
03/05/2021,Monday,,119
03/05/2021,Monday,,130
03/05/2021,Monday,,89
03/05/2021,Monday,,74
03/05/2021,Monday,,122
03/05/2021,Monday,,89
03/05/2021,Monday,,88
03/05/2021,Monday,,84
03/05/2021,Monday,,65
03/05/2021,Monday,,89
03/05/2021,Monday,,65
03/05/2021,Monday,,47
03/05/2021,Monday,,44
03/05/2021,Monday,,42
03/05/2021,Monday,,38
03/05/2021,Monday,,28
03/05/2021,Monday,,31
03/05/2021,Monday,,27
03/05/2021,Monday,,28
03/05/2021,Monday,,17
03/05/2021,Monday,,24
03/05/2021,Monday,,18
03/05/2021,Monday,,20
03/05/2021,Monday,,10
03/05/2021,Monday,,15
03/05/2021,Monday,,9
03/05/2021,Monday,,6
03/05/2021,Monday,,11
03/05/2021,Monday,,4
03/05/2021,Monday,,5
03/05/2021,Monday,,6
03/05/2021,Monday,,2
04/05/2021,Tuesday,,9
04/05/2021,Tuesday,,9
04/05/2021,Tuesday,,5
04/05/2021,Tuesday,,4
04/05/2021,Tuesday,,1
04/05/2021,Tuesday,,2
04/05/2021,Tuesday,,2
04/05/2021,Tuesday,,0
04/05/2021,Tuesday,,2
04/05/2021,Tuesday,,5
04/05/2021,Tuesday,,4
04/05/2021,Tuesday,,1
04/05/2021,Tuesday,,1
04/05/2021,Tuesday,,1
04/05/2021,Tuesday,,3
04/05/2021,Tuesday,,1
04/05/2021,Tuesday,,3
04/05/2021,Tuesday,,7
04/05/2021,Tuesday,,4
04/05/2021,Tuesday,,4
04/05/2021,Tuesday,,9
04/05/2021,Tuesday,,16
04/05/2021,Tuesday,,29
04/05/2021,Tuesday,,18
04/05/2021,Tuesday,,32
04/05/2021,Tuesday,,42
04/05/2021,Tuesday,,55
04/05/2021,Tuesday,,62
04/05/2021,Tuesday,,107
04/05/2021,Tuesday,,127
04/05/2021,Tuesday,,157
04/05/2021,Tuesday,,128
04/05/2021,Tuesday,,158
04/05/2021,Tuesday,,130
04/05/2021,Tuesday,,137
04/05/2021,Tuesday,,147
04/05/2021,Tuesday,,89
04/05/2021,Tuesday,,107
04/05/2021,Tuesday,,119
04/05/2021,Tuesday,,119
04/05/2021,Tuesday,,102
04/05/2021,Tuesday,,92
04/05/2021,Tuesday,,106
04/05/2021,Tuesday,,107
04/05/2021,Tuesday,,108
04/05/2021,Tuesday,,105
04/05/2021,Tuesday,,94
04/05/2021,Tuesday,,130
04/05/2021,Tuesday,,129
04/05/2021,Tuesday,,106
04/05/2021,Tuesday,,107
04/05/2021,Tuesday,,104
04/05/2021,Tuesday,,107
04/05/2021,Tuesday,,127
04/05/2021,Tuesday,,113
04/05/2021,Tuesday,,93
04/05/2021,Tuesday,,122
04/05/2021,Tuesday,,134
04/05/2021,Tuesday,,150
04/05/2021,Tuesday,,115
04/05/2021,Tuesday,,117
04/05/2021,Tuesday,,129
04/05/2021,Tuesday,,152
04/05/2021,Tuesday,,149
04/05/2021,Tuesday,,171
04/05/2021,Tuesday,,138
04/05/2021,Tuesday,,157
04/05/2021,Tuesday,,166
04/05/2021,Tuesday,,165
04/05/2021,Tuesday,,179
04/05/2021,Tuesday,,148
04/05/2021,Tuesday,,133
04/05/2021,Tuesday,,152
04/05/2021,Tuesday,,97
04/05/2021,Tuesday,,108
04/05/2021,Tuesday,,75
04/05/2021,Tuesday,,73
04/05/2021,Tuesday,,61
04/05/2021,Tuesday,,55
04/05/2021,Tuesday,,51
04/05/2021,Tuesday,,49
04/05/2021,Tuesday,,48
04/05/2021,Tuesday,,33
04/05/2021,Tuesday,,32
04/05/2021,Tuesday,,22
04/05/2021,Tuesday,,32
04/05/2021,Tuesday,,20
04/05/2021,Tuesday,,22
04/05/2021,Tuesday,,38
04/05/2021,Tuesday,,27
04/05/2021,Tuesday,,9
04/05/2021,Tuesday,,6
04/05/2021,Tuesday,,10
04/05/2021,Tuesday,,3
04/05/2021,Tuesday,,11
04/05/2021,Tuesday,,6
05/05/2021,Wednesday,,4
05/05/2021,Wednesday,,5
05/05/2021,Wednesday,,6
05/05/2021,Wednesday,,2
05/05/2021,Wednesday,,1
05/05/2021,Wednesday,,4
05/05/2021,Wednesday,,5
05/05/2021,Wednesday,,5
05/05/2021,Wednesday,,1
05/05/2021,Wednesday,,4
05/05/2021,Wednesday,,3
05/05/2021,Wednesday,,1
05/05/2021,Wednesday,,3
05/05/2021,Wednesday,,6
05/05/2021,Wednesday,,5
05/05/2021,Wednesday,,6
05/05/2021,Wednesday,,4
05/05/2021,Wednesday,,7
05/05/2021,Wednesday,,10
05/05/2021,Wednesday,,7
05/05/2021,Wednesday,,12
05/05/2021,Wednesday,,15
05/05/2021,Wednesday,,21
05/05/2021,Wednesday,,19
05/05/2021,Wednesday,,33
05/05/2021,Wednesday,,45
05/05/2021,Wednesday,,65
05/05/2021,Wednesday,,70
05/05/2021,Wednesday,,101
05/05/2021,Wednesday,,129
05/05/2021,Wednesday,,143
05/05/2021,Wednesday,,163
05/05/2021,Wednesday,,164
05/05/2021,Wednesday,,124
05/05/2021,Wednesday,,155
05/05/2021,Wednesday,,141
05/05/2021,Wednesday,,138
05/05/2021,Wednesday,,129
05/05/2021,Wednesday,,126
05/05/2021,Wednesday,,119
05/05/2021,Wednesday,,131
05/05/2021,Wednesday,,146
05/05/2021,Wednesday,,133
05/05/2021,Wednesday,,122
05/05/2021,Wednesday,,161
05/05/2021,Wednesday,,141
05/05/2021,Wednesday,,151
05/05/2021,Wednesday,,135
05/05/2021,Wednesday,,134
05/05/2021,Wednesday,,125
05/05/2021,Wednesday,,110
05/05/2021,Wednesday,,134
05/05/2021,Wednesday,,150
05/05/2021,Wednesday,,128
05/05/2021,Wednesday,,124
05/05/2021,Wednesday,,107
05/05/2021,Wednesday,,116
05/05/2021,Wednesday,,147
05/05/2021,Wednesday,,142
05/05/2021,Wednesday,,118
05/05/2021,Wednesday,,138
05/05/2021,Wednesday,,133
05/05/2021,Wednesday,,164
05/05/2021,Wednesday,,179
05/05/2021,Wednesday,,161
05/05/2021,Wednesday,,159
05/05/2021,Wednesday,,160
05/05/2021,Wednesday,,140
05/05/2021,Wednesday,,167
05/05/2021,Wednesday,,199
05/05/2021,Wednesday,,158
05/05/2021,Wednesday,,176
05/05/2021,Wednesday,,146
05/05/2021,Wednesday,,128
05/05/2021,Wednesday,,100
05/05/2021,Wednesday,,87
05/05/2021,Wednesday,,67
05/05/2021,Wednesday,,77
05/05/2021,Wednesday,,45
05/05/2021,Wednesday,,59
05/05/2021,Wednesday,,62
05/05/2021,Wednesday,,38
05/05/2021,Wednesday,,45
05/05/2021,Wednesday,,36
05/05/2021,Wednesday,,20
05/05/2021,Wednesday,,20
05/05/2021,Wednesday,,17
05/05/2021,Wednesday,,15
05/05/2021,Wednesday,,18
05/05/2021,Wednesday,,18
05/05/2021,Wednesday,,13
05/05/2021,Wednesday,,6
05/05/2021,Wednesday,,5
05/05/2021,Wednesday,,5
05/05/2021,Wednesday,,5
05/05/2021,Wednesday,,8
06/05/2021,Thursday,,6
06/05/2021,Thursday,,7
06/05/2021,Thursday,,6
06/05/2021,Thursday,,5
06/05/2021,Thursday,,1
06/05/2021,Thursday,,1
06/05/2021,Thursday,,2
06/05/2021,Thursday,,2
06/05/2021,Thursday,,2
06/05/2021,Thursday,,3
06/05/2021,Thursday,,1
06/05/2021,Thursday,,2
06/05/2021,Thursday,,3
06/05/2021,Thursday,,4
06/05/2021,Thursday,,3
06/05/2021,Thursday,,3
06/05/2021,Thursday,,4
06/05/2021,Thursday,,6
06/05/2021,Thursday,,7
06/05/2021,Thursday,,4
06/05/2021,Thursday,,12
06/05/2021,Thursday,,19
06/05/2021,Thursday,,35
06/05/2021,Thursday,,21
06/05/2021,Thursday,,35
06/05/2021,Thursday,,53
06/05/2021,Thursday,,56
06/05/2021,Thursday,,71
06/05/2021,Thursday,,105
06/05/2021,Thursday,,105
06/05/2021,Thursday,,138
06/05/2021,Thursday,,129
06/05/2021,Thursday,,136
06/05/2021,Thursday,,136
06/05/2021,Thursday,,144
06/05/2021,Thursday,,131
06/05/2021,Thursday,,115
06/05/2021,Thursday,,143
06/05/2021,Thursday,,130
06/05/2021,Thursday,,131
06/05/2021,Thursday,,125
06/05/2021,Thursday,,155
06/05/2021,Thursday,,168
06/05/2021,Thursday,,132
06/05/2021,Thursday,,160
06/05/2021,Thursday,,143
06/05/2021,Thursday,,168
06/05/2021,Thursday,,151
06/05/2021,Thursday,,115
06/05/2021,Thursday,,171
06/05/2021,Thursday,,107
06/05/2021,Thursday,,136
06/05/2021,Thursday,,107
06/05/2021,Thursday,,134
06/05/2021,Thursday,,120
06/05/2021,Thursday,,119
06/05/2021,Thursday,,111
06/05/2021,Thursday,,153
06/05/2021,Thursday,,143
06/05/2021,Thursday,,141
06/05/2021,Thursday,,159
06/05/2021,Thursday,,159
06/05/2021,Thursday,,170
06/05/2021,Thursday,,160
06/05/2021,Thursday,,156
06/05/2021,Thursday,,157
06/05/2021,Thursday,,172
06/05/2021,Thursday,,158
06/05/2021,Thursday,,184
06/05/2021,Thursday,,186
06/05/2021,Thursday,,161
06/05/2021,Thursday,,149
06/05/2021,Thursday,,171
06/05/2021,Thursday,,133
06/05/2021,Thursday,,131
06/05/2021,Thursday,,80
06/05/2021,Thursday,,78
06/05/2021,Thursday,,71
06/05/2021,Thursday,,63
06/05/2021,Thursday,,56
06/05/2021,Thursday,,44
06/05/2021,Thursday,,53
06/05/2021,Thursday,,33
06/05/2021,Thursday,,38
06/05/2021,Thursday,,25
06/05/2021,Thursday,,20
06/05/2021,Thursday,,36
06/05/2021,Thursday,,13
06/05/2021,Thursday,,34
06/05/2021,Thursday,,22
06/05/2021,Thursday,,17
06/05/2021,Thursday,,9
06/05/2021,Thursday,,13
06/05/2021,Thursday,,4
06/05/2021,Thursday,,6
06/05/2021,Thursday,,9
07/05/2021,Friday,,6
07/05/2021,Friday,,3
07/05/2021,Friday,,8
07/05/2021,Friday,,9
07/05/2021,Friday,,4
07/05/2021,Friday,,6
07/05/2021,Friday,,3
07/05/2021,Friday,,7
07/05/2021,Friday,,4
07/05/2021,Friday,,3
07/05/2021,Friday,,2
07/05/2021,Friday,,2
07/05/2021,Friday,,4
07/05/2021,Friday,,3
07/05/2021,Friday,,2
07/05/2021,Friday,,2
07/05/2021,Friday,,4
07/05/2021,Friday,,7
07/05/2021,Friday,,6
07/05/2021,Friday,,7
07/05/2021,Friday,,9
07/05/2021,Friday,,18
07/05/2021,Friday,,19
07/05/2021,Friday,,20
07/05/2021,Friday,,30
07/05/2021,Friday,,64
07/05/2021,Friday,,68
07/05/2021,Friday,,78
07/05/2021,Friday,,97
07/05/2021,Friday,,124
07/05/2021,Friday,,125
07/05/2021,Friday,,120
07/05/2021,Friday,,153
07/05/2021,Friday,,150
07/05/2021,Friday,,156
07/05/2021,Friday,,128
07/05/2021,Friday,,122
07/05/2021,Friday,,139
07/05/2021,Friday,,146
07/05/2021,Friday,,142
07/05/2021,Friday,,154
07/05/2021,Friday,,146
07/05/2021,Friday,,152
07/05/2021,Friday,,146
07/05/2021,Friday,,146
07/05/2021,Friday,,175
07/05/2021,Friday,,159
07/05/2021,Friday,,174
07/05/2021,Friday,,195
07/05/2021,Friday,,171
07/05/2021,Friday,,136
07/05/2021,Friday,,134
07/05/2021,Friday,,165
07/05/2021,Friday,,167
07/05/2021,Friday,,162
07/05/2021,Friday,,158
07/05/2021,Friday,,178
07/05/2021,Friday,,185
07/05/2021,Friday,,157
07/05/2021,Friday,,163
07/05/2021,Friday,,197
07/05/2021,Friday,,207
07/05/2021,Friday,,199
07/05/2021,Friday,,211
07/05/2021,Friday,,236
07/05/2021,Friday,,226
07/05/2021,Friday,,237
07/05/2021,Friday,,216
07/05/2021,Friday,,206
07/05/2021,Friday,,173
07/05/2021,Friday,,218
07/05/2021,Friday,,171
07/05/2021,Friday,,185
07/05/2021,Friday,,180
07/05/2021,Friday,,178
07/05/2021,Friday,,136
07/05/2021,Friday,,121
07/05/2021,Friday,,110
07/05/2021,Friday,,85
07/05/2021,Friday,,91
07/05/2021,Friday,,84
07/05/2021,Friday,,56
07/05/2021,Friday,,55
07/05/2021,Friday,,61
07/05/2021,Friday,,49
07/05/2021,Friday,,44
07/05/2021,Friday,,40
07/05/2021,Friday,,37
07/05/2021,Friday,,31
07/05/2021,Friday,,28
07/05/2021,Friday,,19
07/05/2021,Friday,,14
07/05/2021,Friday,,14
07/05/2021,Friday,,11
07/05/2021,Friday,,10
07/05/2021,Friday,,14
08/05/2021,Saturday,,6
08/05/2021,Saturday,,14
08/05/2021,Saturday,,6
08/05/2021,Saturday,,6
08/05/2021,Saturday,,3
08/05/2021,Saturday,,4
08/05/2021,Saturday,,3
08/05/2021,Saturday,,3
08/05/2021,Saturday,,1
08/05/2021,Saturday,,2
08/05/2021,Saturday,,2
08/05/2021,Saturday,,0
08/05/2021,Saturday,,1
08/05/2021,Saturday,,0
08/05/2021,Saturday,,3
08/05/2021,Saturday,,2
08/05/2021,Saturday,,3
08/05/2021,Saturday,,0
08/05/2021,Saturday,,3
08/05/2021,Saturday,,4
08/05/2021,Saturday,,9
08/05/2021,Saturday,,14
08/05/2021,Saturday,,18
08/05/2021,Saturday,,17
08/05/2021,Saturday,,30
08/05/2021,Saturday,,30
08/05/2021,Saturday,,20
08/05/2021,Saturday,,25
08/05/2021,Saturday,,34
08/05/2021,Saturday,,31
08/05/2021,Saturday,,44
08/05/2021,Saturday,,37
08/05/2021,Saturday,,42
08/05/2021,Saturday,,57
08/05/2021,Saturday,,51
08/05/2021,Saturday,,80
08/05/2021,Saturday,,73
08/05/2021,Saturday,,98
08/05/2021,Saturday,,112
08/05/2021,Saturday,,116
08/05/2021,Saturday,,105
08/05/2021,Saturday,,102
08/05/2021,Saturday,,126
08/05/2021,Saturday,,96
08/05/2021,Saturday,,127
08/05/2021,Saturday,,137
08/05/2021,Saturday,,152
08/05/2021,Saturday,,119
08/05/2021,Saturday,,122
08/05/2021,Saturday,,136
08/05/2021,Saturday,,134
08/05/2021,Saturday,,138
08/05/2021,Saturday,,145
08/05/2021,Saturday,,117
08/05/2021,Saturday,,134
08/05/2021,Saturday,,120
08/05/2021,Saturday,,144
08/05/2021,Saturday,,125
08/05/2021,Saturday,,134
08/05/2021,Saturday,,107
08/05/2021,Saturday,,118
08/05/2021,Saturday,,117
08/05/2021,Saturday,,125
08/05/2021,Saturday,,133
08/05/2021,Saturday,,122
08/05/2021,Saturday,,113
08/05/2021,Saturday,,122
08/05/2021,Saturday,,95
08/05/2021,Saturday,,84
08/05/2021,Saturday,,99
08/05/2021,Saturday,,115
08/05/2021,Saturday,,103
08/05/2021,Saturday,,101
08/05/2021,Saturday,,122
08/05/2021,Saturday,,72
08/05/2021,Saturday,,69
08/05/2021,Saturday,,60
08/05/2021,Saturday,,60
08/05/2021,Saturday,,60
08/05/2021,Saturday,,41
08/05/2021,Saturday,,39
08/05/2021,Saturday,,44
08/05/2021,Saturday,,31
08/05/2021,Saturday,,31
08/05/2021,Saturday,,21
08/05/2021,Saturday,,21
08/05/2021,Saturday,,20
08/05/2021,Saturday,,26
08/05/2021,Saturday,,10
08/05/2021,Saturday,,21
08/05/2021,Saturday,,15
08/05/2021,Saturday,,8
08/05/2021,Saturday,,13
08/05/2021,Saturday,,11
08/05/2021,Saturday,,8
08/05/2021,Saturday,,9
09/05/2021,Sunday,,6
09/05/2021,Sunday,,9
09/05/2021,Sunday,,2
09/05/2021,Sunday,,7
09/05/2021,Sunday,,9
09/05/2021,Sunday,,6
09/05/2021,Sunday,,7
09/05/2021,Sunday,,4
09/05/2021,Sunday,,2
09/05/2021,Sunday,,0
09/05/2021,Sunday,,3
09/05/2021,Sunday,,1
09/05/2021,Sunday,,1
09/05/2021,Sunday,,1
09/05/2021,Sunday,,2
09/05/2021,Sunday,,1
09/05/2021,Sunday,,2
09/05/2021,Sunday,,4
09/05/2021,Sunday,,1
09/05/2021,Sunday,,4
09/05/2021,Sunday,,7
09/05/2021,Sunday,,9
09/05/2021,Sunday,,8
09/05/2021,Sunday,,9
09/05/2021,Sunday,,9
09/05/2021,Sunday,,17
09/05/2021,Sunday,,10
09/05/2021,Sunday,,19
09/05/2021,Sunday,,17
09/05/2021,Sunday,,16
09/05/2021,Sunday,,22
09/05/2021,Sunday,,33
09/05/2021,Sunday,,23
09/05/2021,Sunday,,41
09/05/2021,Sunday,,49
09/05/2021,Sunday,,38
09/05/2021,Sunday,,57
09/05/2021,Sunday,,74
09/05/2021,Sunday,,83
09/05/2021,Sunday,,115
09/05/2021,Sunday,,112
09/05/2021,Sunday,,134
09/05/2021,Sunday,,156
09/05/2021,Sunday,,149
09/05/2021,Sunday,,149
09/05/2021,Sunday,,156
09/05/2021,Sunday,,191
09/05/2021,Sunday,,169
09/05/2021,Sunday,,172
09/05/2021,Sunday,,142
09/05/2021,Sunday,,160
09/05/2021,Sunday,,143
09/05/2021,Sunday,,150
09/05/2021,Sunday,,116
09/05/2021,Sunday,,147
09/05/2021,Sunday,,132
09/05/2021,Sunday,,125
09/05/2021,Sunday,,142
09/05/2021,Sunday,,125
09/05/2021,Sunday,,124
09/05/2021,Sunday,,116
09/05/2021,Sunday,,138
09/05/2021,Sunday,,117
09/05/2021,Sunday,,104
09/05/2021,Sunday,,141
09/05/2021,Sunday,,118
09/05/2021,Sunday,,122
09/05/2021,Sunday,,105
09/05/2021,Sunday,,92
09/05/2021,Sunday,,101
09/05/2021,Sunday,,98
09/05/2021,Sunday,,98
09/05/2021,Sunday,,75
09/05/2021,Sunday,,83
09/05/2021,Sunday,,89
09/05/2021,Sunday,,48
09/05/2021,Sunday,,50
09/05/2021,Sunday,,59
09/05/2021,Sunday,,32
09/05/2021,Sunday,,42
09/05/2021,Sunday,,46
09/05/2021,Sunday,,46
09/05/2021,Sunday,,33
09/05/2021,Sunday,,43
09/05/2021,Sunday,,26
09/05/2021,Sunday,,22
09/05/2021,Sunday,,20
09/05/2021,Sunday,,13
09/05/2021,Sunday,,16
09/05/2021,Sunday,,15
09/05/2021,Sunday,,17
09/05/2021,Sunday,,11
09/05/2021,Sunday,,1
09/05/2021,Sunday,,5
09/05/2021,Sunday,,6
09/05/2021,Sunday,,3
10/05/2021,Monday,,9
10/05/2021,Monday,,6
10/05/2021,Monday,,2
10/05/2021,Monday,,1
10/05/2021,Monday,,1
10/05/2021,Monday,,3
10/05/2021,Monday,,1
10/05/2021,Monday,,1
10/05/2021,Monday,,6
10/05/2021,Monday,,2
10/05/2021,Monday,,2
10/05/2021,Monday,,3
10/05/2021,Monday,,1
10/05/2021,Monday,,3
10/05/2021,Monday,,3
10/05/2021,Monday,,4
10/05/2021,Monday,,6
10/05/2021,Monday,,7
10/05/2021,Monday,,3
10/05/2021,Monday,,3
10/05/2021,Monday,,6
10/05/2021,Monday,,16
10/05/2021,Monday,,21
10/05/2021,Monday,,22
10/05/2021,Monday,,23
10/05/2021,Monday,,41
10/05/2021,Monday,,50
10/05/2021,Monday,,77
10/05/2021,Monday,,114
10/05/2021,Monday,,120
10/05/2021,Monday,,137
10/05/2021,Monday,,159
10/05/2021,Monday,,144
10/05/2021,Monday,,139
10/05/2021,Monday,,146
10/05/2021,Monday,,150
10/05/2021,Monday,,126
10/05/2021,Monday,,101
10/05/2021,Monday,,133
10/05/2021,Monday,,109
10/05/2021,Monday,,147
10/05/2021,Monday,,137
10/05/2021,Monday,,135
10/05/2021,Monday,,135
10/05/2021,Monday,,142
10/05/2021,Monday,,142
10/05/2021,Monday,,153
10/05/2021,Monday,,151
10/05/2021,Monday,,122
10/05/2021,Monday,,134
10/05/2021,Monday,,137
10/05/2021,Monday,,136
10/05/2021,Monday,,136
10/05/2021,Monday,,140
10/05/2021,Monday,,136
10/05/2021,Monday,,154
10/05/2021,Monday,,142
10/05/2021,Monday,,168
10/05/2021,Monday,,142
10/05/2021,Monday,,135
10/05/2021,Monday,,174
10/05/2021,Monday,,167
10/05/2021,Monday,,167
10/05/2021,Monday,,169
10/05/2021,Monday,,187
10/05/2021,Monday,,184
10/05/2021,Monday,,165
10/05/2021,Monday,,150
10/05/2021,Monday,,149
10/05/2021,Monday,,209
10/05/2021,Monday,,158
10/05/2021,Monday,,150
10/05/2021,Monday,,166
10/05/2021,Monday,,113
10/05/2021,Monday,,110
10/05/2021,Monday,,87
10/05/2021,Monday,,73
10/05/2021,Monday,,83
10/05/2021,Monday,,62
10/05/2021,Monday,,56
10/05/2021,Monday,,49
10/05/2021,Monday,,38
10/05/2021,Monday,,39
10/05/2021,Monday,,32
10/05/2021,Monday,,35
10/05/2021,Monday,,18
10/05/2021,Monday,,18
10/05/2021,Monday,,14
10/05/2021,Monday,,30
10/05/2021,Monday,,21
10/05/2021,Monday,,13
10/05/2021,Monday,,16
10/05/2021,Monday,,4
10/05/2021,Monday,,8
10/05/2021,Monday,,4
10/05/2021,Monday,,6
11/05/2021,Tuesday,,4
11/05/2021,Tuesday,,8
11/05/2021,Tuesday,,9
11/05/2021,Tuesday,,4
11/05/2021,Tuesday,,2
11/05/2021,Tuesday,,3
11/05/2021,Tuesday,,3
11/05/2021,Tuesday,,5
11/05/2021,Tuesday,,5
11/05/2021,Tuesday,,4
11/05/2021,Tuesday,,2
11/05/2021,Tuesday,,3
11/05/2021,Tuesday,,1
11/05/2021,Tuesday,,3
11/05/2021,Tuesday,,6
11/05/2021,Tuesday,,5
11/05/2021,Tuesday,,8
11/05/2021,Tuesday,,9
11/05/2021,Tuesday,,3
11/05/2021,Tuesday,,6
11/05/2021,Tuesday,,11
11/05/2021,Tuesday,,15
11/05/2021,Tuesday,,18
11/05/2021,Tuesday,,22
11/05/2021,Tuesday,,26
11/05/2021,Tuesday,,50
11/05/2021,Tuesday,,66
11/05/2021,Tuesday,,64
11/05/2021,Tuesday,,121
11/05/2021,Tuesday,,126
11/05/2021,Tuesday,,138
11/05/2021,Tuesday,,147
11/05/2021,Tuesday,,131
11/05/2021,Tuesday,,147
11/05/2021,Tuesday,,149
11/05/2021,Tuesday,,136
11/05/2021,Tuesday,,120
11/05/2021,Tuesday,,129
11/05/2021,Tuesday,,115
11/05/2021,Tuesday,,133
11/05/2021,Tuesday,,134
11/05/2021,Tuesday,,140
11/05/2021,Tuesday,,129
11/05/2021,Tuesday,,129
11/05/2021,Tuesday,,110
11/05/2021,Tuesday,,130
11/05/2021,Tuesday,,131
11/05/2021,Tuesday,,119
11/05/2021,Tuesday,,112
11/05/2021,Tuesday,,108
11/05/2021,Tuesday,,116
11/05/2021,Tuesday,,125
11/05/2021,Tuesday,,116
11/05/2021,Tuesday,,117
11/05/2021,Tuesday,,95
11/05/2021,Tuesday,,117
11/05/2021,Tuesday,,132
11/05/2021,Tuesday,,140
11/05/2021,Tuesday,,135
11/05/2021,Tuesday,,124
11/05/2021,Tuesday,,128
11/05/2021,Tuesday,,130
11/05/2021,Tuesday,,158
11/05/2021,Tuesday,,137
11/05/2021,Tuesday,,156
11/05/2021,Tuesday,,150
11/05/2021,Tuesday,,168
11/05/2021,Tuesday,,178
11/05/2021,Tuesday,,173
11/05/2021,Tuesday,,184
11/05/2021,Tuesday,,157
11/05/2021,Tuesday,,144
11/05/2021,Tuesday,,153
11/05/2021,Tuesday,,118
11/05/2021,Tuesday,,82
11/05/2021,Tuesday,,67
11/05/2021,Tuesday,,63
11/05/2021,Tuesday,,72
11/05/2021,Tuesday,,45
11/05/2021,Tuesday,,53
11/05/2021,Tuesday,,55
11/05/2021,Tuesday,,41
11/05/2021,Tuesday,,34
11/05/2021,Tuesday,,25
11/05/2021,Tuesday,,30
11/05/2021,Tuesday,,18
11/05/2021,Tuesday,,27
11/05/2021,Tuesday,,21
11/05/2021,Tuesday,,17
11/05/2021,Tuesday,,36
11/05/2021,Tuesday,,15
11/05/2021,Tuesday,,14
11/05/2021,Tuesday,,4
11/05/2021,Tuesday,,8
11/05/2021,Tuesday,,0
11/05/2021,Tuesday,,4
12/05/2021,Wednesday,,3
12/05/2021,Wednesday,,3
12/05/2021,Wednesday,,6
12/05/2021,Wednesday,,7
12/05/2021,Wednesday,,2
12/05/2021,Wednesday,,2
12/05/2021,Wednesday,,4
12/05/2021,Wednesday,,9
12/05/2021,Wednesday,,1
12/05/2021,Wednesday,,0
12/05/2021,Wednesday,,2
12/05/2021,Wednesday,,2
12/05/2021,Wednesday,,1
12/05/2021,Wednesday,,4
12/05/2021,Wednesday,,1
12/05/2021,Wednesday,,6
12/05/2021,Wednesday,,3
12/05/2021,Wednesday,,7
12/05/2021,Wednesday,,4
12/05/2021,Wednesday,,3
12/05/2021,Wednesday,,17
12/05/2021,Wednesday,,13
12/05/2021,Wednesday,,26
12/05/2021,Wednesday,,21
12/05/2021,Wednesday,,24
12/05/2021,Wednesday,,63
12/05/2021,Wednesday,,50
12/05/2021,Wednesday,,82
12/05/2021,Wednesday,,116
12/05/2021,Wednesday,,124
12/05/2021,Wednesday,,140
12/05/2021,Wednesday,,151
12/05/2021,Wednesday,,171
12/05/2021,Wednesday,,
12/05/2021,Wednesday,,
12/05/2021,Wednesday,,
12/05/2021,Wednesday,,
12/05/2021,Wednesday,,
12/05/2021,Wednesday,,
12/05/2021,Wednesday,,
12/05/2021,Wednesday,,
12/05/2021,Wednesday,,
12/05/2021,Wednesday,,
12/05/2021,Wednesday,,
12/05/2021,Wednesday,,
12/05/2021,Wednesday,,
12/05/2021,Wednesday,,
12/05/2021,Wednesday,,
12/05/2021,Wednesday,,
12/05/2021,Wednesday,,
12/05/2021,Wednesday,,
12/05/2021,Wednesday,,
12/05/2021,Wednesday,,
12/05/2021,Wednesday,,
12/05/2021,Wednesday,,
12/05/2021,Wednesday,,
12/05/2021,Wednesday,,
12/05/2021,Wednesday,,
12/05/2021,Wednesday,,
12/05/2021,Wednesday,,
12/05/2021,Wednesday,,
12/05/2021,Wednesday,,
12/05/2021,Wednesday,,
12/05/2021,Wednesday,,
12/05/2021,Wednesday,,
12/05/2021,Wednesday,,
12/05/2021,Wednesday,,
12/05/2021,Wednesday,,
12/05/2021,Wednesday,,
12/05/2021,Wednesday,,
12/05/2021,Wednesday,,
12/05/2021,Wednesday,,
12/05/2021,Wednesday,,
12/05/2021,Wednesday,,
12/05/2021,Wednesday,,
12/05/2021,Wednesday,,
12/05/2021,Wednesday,,
12/05/2021,Wednesday,,
12/05/2021,Wednesday,,
12/05/2021,Wednesday,,
12/05/2021,Wednesday,,
12/05/2021,Wednesday,,
12/05/2021,Wednesday,,
12/05/2021,Wednesday,,
12/05/2021,Wednesday,,
12/05/2021,Wednesday,,
12/05/2021,Wednesday,,
12/05/2021,Wednesday,,
12/05/2021,Wednesday,,
12/05/2021,Wednesday,,
12/05/2021,Wednesday,,
12/05/2021,Wednesday,,
12/05/2021,Wednesday,,
12/05/2021,Wednesday,,
12/05/2021,Wednesday,,
12/05/2021,Wednesday,,
13/05/2021,Thursday,,
13/05/2021,Thursday,,
13/05/2021,Thursday,,
13/05/2021,Thursday,,
13/05/2021,Thursday,,1
13/05/2021,Thursday,,4
13/05/2021,Thursday,,1
13/05/2021,Thursday,,2
13/05/2021,Thursday,,2
13/05/2021,Thursday,,2
13/05/2021,Thursday,,4
13/05/2021,Thursday,,2
13/05/2021,Thursday,,0
13/05/2021,Thursday,,1
13/05/2021,Thursday,,8
13/05/2021,Thursday,,5
13/05/2021,Thursday,,6
13/05/2021,Thursday,,6
13/05/2021,Thursday,,4
13/05/2021,Thursday,,5
13/05/2021,Thursday,,12
13/05/2021,Thursday,,16
13/05/2021,Thursday,,20
13/05/2021,Thursday,,28
13/05/2021,Thursday,,34
13/05/2021,Thursday,,58
13/05/2021,Thursday,,52
13/05/2021,Thursday,,93
13/05/2021,Thursday,,100
13/05/2021,Thursday,,127
13/05/2021,Thursday,,138
13/05/2021,Thursday,,157
13/05/2021,Thursday,,149
13/05/2021,Thursday,,150
13/05/2021,Thursday,,128
13/05/2021,Thursday,,134
13/05/2021,Thursday,,127
13/05/2021,Thursday,,145
13/05/2021,Thursday,,125
13/05/2021,Thursday,,136
13/05/2021,Thursday,,148
13/05/2021,Thursday,,166
13/05/2021,Thursday,,149
13/05/2021,Thursday,,146
13/05/2021,Thursday,,134
13/05/2021,Thursday,,122
13/05/2021,Thursday,,177
13/05/2021,Thursday,,147
13/05/2021,Thursday,,134
13/05/2021,Thursday,,141
13/05/2021,Thursday,,144
13/05/2021,Thursday,,141
13/05/2021,Thursday,,133
13/05/2021,Thursday,,108
13/05/2021,Thursday,,108
13/05/2021,Thursday,,152
13/05/2021,Thursday,,140
13/05/2021,Thursday,,148
13/05/2021,Thursday,,135
13/05/2021,Thursday,,119
13/05/2021,Thursday,,144
13/05/2021,Thursday,,138
13/05/2021,Thursday,,151
13/05/2021,Thursday,,154
13/05/2021,Thursday,,182
13/05/2021,Thursday,,181
13/05/2021,Thursday,,189
13/05/2021,Thursday,,183
13/05/2021,Thursday,,185
13/05/2021,Thursday,,189
13/05/2021,Thursday,,204
13/05/2021,Thursday,,161
13/05/2021,Thursday,,129
13/05/2021,Thursday,,120
13/05/2021,Thursday,,117
13/05/2021,Thursday,,103
13/05/2021,Thursday,,74
13/05/2021,Thursday,,67
13/05/2021,Thursday,,64
13/05/2021,Thursday,,51
13/05/2021,Thursday,,44
13/05/2021,Thursday,,41
13/05/2021,Thursday,,48
13/05/2021,Thursday,,35
13/05/2021,Thursday,,29
13/05/2021,Thursday,,27
13/05/2021,Thursday,,20
13/05/2021,Thursday,,26
13/05/2021,Thursday,,24
13/05/2021,Thursday,,19
13/05/2021,Thursday,,15
13/05/2021,Thursday,,8
13/05/2021,Thursday,,11
13/05/2021,Thursday,,9
13/05/2021,Thursday,,2
13/05/2021,Thursday,,6
14/05/2021,Friday,,3
14/05/2021,Friday,,7
14/05/2021,Friday,,10
14/05/2021,Friday,,7
14/05/2021,Friday,,3
14/05/2021,Friday,,3
14/05/2021,Friday,,4
14/05/2021,Friday,,4
14/05/2021,Friday,,1
14/05/2021,Friday,,2
14/05/2021,Friday,,3
14/05/2021,Friday,,2
14/05/2021,Friday,,4
14/05/2021,Friday,,1
14/05/2021,Friday,,5
14/05/2021,Friday,,5
14/05/2021,Friday,,7
14/05/2021,Friday,,9
14/05/2021,Friday,,7
14/05/2021,Friday,,4
14/05/2021,Friday,,14
14/05/2021,Friday,,15
14/05/2021,Friday,,27
14/05/2021,Friday,,25
14/05/2021,Friday,,30
14/05/2021,Friday,,60
14/05/2021,Friday,,45
14/05/2021,Friday,,67
14/05/2021,Friday,,96
14/05/2021,Friday,,122
14/05/2021,Friday,,125
14/05/2021,Friday,,149
14/05/2021,Friday,,129
14/05/2021,Friday,,157
14/05/2021,Friday,,128
14/05/2021,Friday,,117
14/05/2021,Friday,,132
14/05/2021,Friday,,139
14/05/2021,Friday,,127
14/05/2021,Friday,,137
14/05/2021,Friday,,118
14/05/2021,Friday,,129
14/05/2021,Friday,,123
14/05/2021,Friday,,139
14/05/2021,Friday,,122
14/05/2021,Friday,,153
14/05/2021,Friday,,164
14/05/2021,Friday,,158
14/05/2021,Friday,,181
14/05/2021,Friday,,142
14/05/2021,Friday,,164
14/05/2021,Friday,,162
14/05/2021,Friday,,184
14/05/2021,Friday,,140
14/05/2021,Friday,,147
14/05/2021,Friday,,163
14/05/2021,Friday,,204
14/05/2021,Friday,,179
14/05/2021,Friday,,192
14/05/2021,Friday,,192
14/05/2021,Friday,,219
14/05/2021,Friday,,208
14/05/2021,Friday,,219
14/05/2021,Friday,,193
14/05/2021,Friday,,222
14/05/2021,Friday,,189
14/05/2021,Friday,,180
14/05/2021,Friday,,188
14/05/2021,Friday,,204
14/05/2021,Friday,,236
14/05/2021,Friday,,216
14/05/2021,Friday,,194
14/05/2021,Friday,,175
14/05/2021,Friday,,183
14/05/2021,Friday,,173
14/05/2021,Friday,,159
14/05/2021,Friday,,159
14/05/2021,Friday,,115
14/05/2021,Friday,,96
14/05/2021,Friday,,108
14/05/2021,Friday,,92
14/05/2021,Friday,,80
14/05/2021,Friday,,75
14/05/2021,Friday,,48
14/05/2021,Friday,,55
14/05/2021,Friday,,44
14/05/2021,Friday,,39
14/05/2021,Friday,,31
14/05/2021,Friday,,32
14/05/2021,Friday,,41
14/05/2021,Friday,,26
14/05/2021,Friday,,23
14/05/2021,Friday,,19
14/05/2021,Friday,,13
14/05/2021,Friday,,9
14/05/2021,Friday,,10
15/05/2021,Saturday,,12
15/05/2021,Saturday,,7
15/05/2021,Saturday,,3
15/05/2021,Saturday,,8
15/05/2021,Saturday,,7
15/05/2021,Saturday,,8
15/05/2021,Saturday,,4
15/05/2021,Saturday,,2
15/05/2021,Saturday,,1
15/05/2021,Saturday,,4
15/05/2021,Saturday,,5
15/05/2021,Saturday,,0
15/05/2021,Saturday,,3
15/05/2021,Saturday,,1
15/05/2021,Saturday,,5
15/05/2021,Saturday,,2
15/05/2021,Saturday,,4
15/05/2021,Saturday,,1
15/05/2021,Saturday,,4
15/05/2021,Saturday,,5
15/05/2021,Saturday,,14
15/05/2021,Saturday,,12
15/05/2021,Saturday,,24
15/05/2021,Saturday,,18
15/05/2021,Saturday,,17
15/05/2021,Saturday,,25
15/05/2021,Saturday,,29
15/05/2021,Saturday,,33
15/05/2021,Saturday,,24
15/05/2021,Saturday,,34
15/05/2021,Saturday,,53
15/05/2021,Saturday,,56
15/05/2021,Saturday,,71
15/05/2021,Saturday,,72
15/05/2021,Saturday,,80
15/05/2021,Saturday,,114
15/05/2021,Saturday,,123
15/05/2021,Saturday,,124
15/05/2021,Saturday,,134
15/05/2021,Saturday,,132
15/05/2021,Saturday,,152
15/05/2021,Saturday,,145
15/05/2021,Saturday,,165
15/05/2021,Saturday,,152
15/05/2021,Saturday,,143
15/05/2021,Saturday,,149
15/05/2021,Saturday,,177
15/05/2021,Saturday,,144
15/05/2021,Saturday,,185
15/05/2021,Saturday,,168
15/05/2021,Saturday,,147
15/05/2021,Saturday,,163
15/05/2021,Saturday,,169
15/05/2021,Saturday,,175
15/05/2021,Saturday,,173
15/05/2021,Saturday,,141
15/05/2021,Saturday,,138
15/05/2021,Saturday,,141
15/05/2021,Saturday,,121
15/05/2021,Saturday,,138
15/05/2021,Saturday,,133
15/05/2021,Saturday,,141
15/05/2021,Saturday,,144
15/05/2021,Saturday,,147
15/05/2021,Saturday,,139
15/05/2021,Saturday,,133
15/05/2021,Saturday,,114
15/05/2021,Saturday,,131
15/05/2021,Saturday,,124
15/05/2021,Saturday,,136
15/05/2021,Saturday,,129
15/05/2021,Saturday,,106
15/05/2021,Saturday,,121
15/05/2021,Saturday,,124
15/05/2021,Saturday,,83
15/05/2021,Saturday,,74
15/05/2021,Saturday,,55
15/05/2021,Saturday,,70
15/05/2021,Saturday,,55
15/05/2021,Saturday,,65
15/05/2021,Saturday,,47
15/05/2021,Saturday,,53
15/05/2021,Saturday,,39
15/05/2021,Saturday,,40
15/05/2021,Saturday,,37
15/05/2021,Saturday,,26
15/05/2021,Saturday,,28
15/05/2021,Saturday,,34
15/05/2021,Saturday,,26
15/05/2021,Saturday,,24
15/05/2021,Saturday,,27
15/05/2021,Saturday,,16
15/05/2021,Saturday,,14
15/05/2021,Saturday,,17
15/05/2021,Saturday,,6
15/05/2021,Saturday,,17
16/05/2021,Sunday,,5
16/05/2021,Sunday,,10
16/05/2021,Sunday,,9
16/05/2021,Sunday,,2
16/05/2021,Sunday,,6
16/05/2021,Sunday,,8
16/05/2021,Sunday,,1
16/05/2021,Sunday,,2
16/05/2021,Sunday,,6
16/05/2021,Sunday,,4
16/05/2021,Sunday,,4
16/05/2021,Sunday,,3
16/05/2021,Sunday,,2
16/05/2021,Sunday,,2
16/05/2021,Sunday,,2
16/05/2021,Sunday,,0
16/05/2021,Sunday,,3
16/05/2021,Sunday,,2
16/05/2021,Sunday,,3
16/05/2021,Sunday,,2
16/05/2021,Sunday,,5
16/05/2021,Sunday,,7
16/05/2021,Sunday,,10
16/05/2021,Sunday,,15
16/05/2021,Sunday,,7
16/05/2021,Sunday,,16
16/05/2021,Sunday,,9
16/05/2021,Sunday,,17
16/05/2021,Sunday,,24
16/05/2021,Sunday,,28
16/05/2021,Sunday,,34
16/05/2021,Sunday,,27
16/05/2021,Sunday,,30
16/05/2021,Sunday,,33
16/05/2021,Sunday,,45
16/05/2021,Sunday,,42
16/05/2021,Sunday,,75
16/05/2021,Sunday,,107
16/05/2021,Sunday,,114
16/05/2021,Sunday,,110
16/05/2021,Sunday,,113
16/05/2021,Sunday,,135
16/05/2021,Sunday,,138
16/05/2021,Sunday,,156
16/05/2021,Sunday,,145
16/05/2021,Sunday,,153
16/05/2021,Sunday,,175
16/05/2021,Sunday,,183
16/05/2021,Sunday,,174
16/05/2021,Sunday,,173
16/05/2021,Sunday,,147
16/05/2021,Sunday,,123
16/05/2021,Sunday,,121
16/05/2021,Sunday,,137
16/05/2021,Sunday,,137
16/05/2021,Sunday,,142
16/05/2021,Sunday,,118
16/05/2021,Sunday,,149
16/05/2021,Sunday,,106
16/05/2021,Sunday,,122
16/05/2021,Sunday,,111
16/05/2021,Sunday,,132
16/05/2021,Sunday,,133
16/05/2021,Sunday,,106
16/05/2021,Sunday,,129
16/05/2021,Sunday,,135
16/05/2021,Sunday,,91
16/05/2021,Sunday,,91
16/05/2021,Sunday,,74
16/05/2021,Sunday,,89
16/05/2021,Sunday,,88
16/05/2021,Sunday,,90
16/05/2021,Sunday,,74
16/05/2021,Sunday,,101
16/05/2021,Sunday,,77
16/05/2021,Sunday,,56
16/05/2021,Sunday,,44
16/05/2021,Sunday,,65
16/05/2021,Sunday,,38
16/05/2021,Sunday,,41
16/05/2021,Sunday,,39
16/05/2021,Sunday,,43
16/05/2021,Sunday,,25
16/05/2021,Sunday,,26
16/05/2021,Sunday,,19
16/05/2021,Sunday,,16
16/05/2021,Sunday,,18
16/05/2021,Sunday,,18
16/05/2021,Sunday,,11
16/05/2021,Sunday,,14
16/05/2021,Sunday,,12
16/05/2021,Sunday,,6
16/05/2021,Sunday,,6
16/05/2021,Sunday,,3
16/05/2021,Sunday,,7
16/05/2021,Sunday,,4
17/05/2021,Monday,,5
17/05/2021,Monday,,6
17/05/2021,Monday,,4
17/05/2021,Monday,,2
17/05/2021,Monday,,2
17/05/2021,Monday,,1
17/05/2021,Monday,,1
17/05/2021,Monday,,3
17/05/2021,Monday,,3
17/05/2021,Monday,,4
17/05/2021,Monday,,1
17/05/2021,Monday,,2
17/05/2021,Monday,,2
17/05/2021,Monday,,3
17/05/2021,Monday,,2
17/05/2021,Monday,,1
17/05/2021,Monday,,6
17/05/2021,Monday,,5
17/05/2021,Monday,,4
17/05/2021,Monday,,5
17/05/2021,Monday,,13
17/05/2021,Monday,,11
17/05/2021,Monday,,21
17/05/2021,Monday,,22
17/05/2021,Monday,,22
17/05/2021,Monday,,50
17/05/2021,Monday,,62
17/05/2021,Monday,,73
17/05/2021,Monday,,107
17/05/2021,Monday,,121
17/05/2021,Monday,,142
17/05/2021,Monday,,169
17/05/2021,Monday,,138
17/05/2021,Monday,,128
17/05/2021,Monday,,184
17/05/2021,Monday,,142
17/05/2021,Monday,,163
17/05/2021,Monday,,131
17/05/2021,Monday,,118
17/05/2021,Monday,,124
17/05/2021,Monday,,128
17/05/2021,Monday,,178
17/05/2021,Monday,,128
17/05/2021,Monday,,127
17/05/2021,Monday,,109
17/05/2021,Monday,,109
17/05/2021,Monday,,115
17/05/2021,Monday,,124
17/05/2021,Monday,,119
17/05/2021,Monday,,134
17/05/2021,Monday,,104
17/05/2021,Monday,,111
17/05/2021,Monday,,150
17/05/2021,Monday,,138
17/05/2021,Monday,,123
17/05/2021,Monday,,129
17/05/2021,Monday,,140
17/05/2021,Monday,,145
17/05/2021,Monday,,124
17/05/2021,Monday,,142
17/05/2021,Monday,,166
17/05/2021,Monday,,149
17/05/2021,Monday,,180
17/05/2021,Monday,,176
17/05/2021,Monday,,200
17/05/2021,Monday,,173
17/05/2021,Monday,,199
17/05/2021,Monday,,203
17/05/2021,Monday,,189
17/05/2021,Monday,,226
17/05/2021,Monday,,167
17/05/2021,Monday,,136
17/05/2021,Monday,,160
17/05/2021,Monday,,119
17/05/2021,Monday,,111
17/05/2021,Monday,,83
17/05/2021,Monday,,65
17/05/2021,Monday,,76
17/05/2021,Monday,,63
17/05/2021,Monday,,48
17/05/2021,Monday,,48
17/05/2021,Monday,,50
17/05/2021,Monday,,42
17/05/2021,Monday,,35
17/05/2021,Monday,,29
17/05/2021,Monday,,27
17/05/2021,Monday,,28
17/05/2021,Monday,,17
17/05/2021,Monday,,23
17/05/2021,Monday,,31
17/05/2021,Monday,,11
17/05/2021,Monday,,8
17/05/2021,Monday,,8
17/05/2021,Monday,,8
17/05/2021,Monday,,6
17/05/2021,Monday,,3
18/05/2021,Tuesday,,7
18/05/2021,Tuesday,,7
18/05/2021,Tuesday,,5
18/05/2021,Tuesday,,3
18/05/2021,Tuesday,,6
18/05/2021,Tuesday,,0
18/05/2021,Tuesday,,0
18/05/2021,Tuesday,,2
18/05/2021,Tuesday,,3
18/05/2021,Tuesday,,3
18/05/2021,Tuesday,,4
18/05/2021,Tuesday,,1
18/05/2021,Tuesday,,4
18/05/2021,Tuesday,,0
18/05/2021,Tuesday,,2
18/05/2021,Tuesday,,2
18/05/2021,Tuesday,,5
18/05/2021,Tuesday,,5
18/05/2021,Tuesday,,5
18/05/2021,Tuesday,,10
18/05/2021,Tuesday,,15
18/05/2021,Tuesday,,10
18/05/2021,Tuesday,,30
18/05/2021,Tuesday,,11
18/05/2021,Tuesday,,39
18/05/2021,Tuesday,,59
18/05/2021,Tuesday,,59
18/05/2021,Tuesday,,77
18/05/2021,Tuesday,,91
18/05/2021,Tuesday,,117
18/05/2021,Tuesday,,153
18/05/2021,Tuesday,,143
18/05/2021,Tuesday,,147
18/05/2021,Tuesday,,127
18/05/2021,Tuesday,,153
18/05/2021,Tuesday,,150
18/05/2021,Tuesday,,122
18/05/2021,Tuesday,,133
18/05/2021,Tuesday,,140
18/05/2021,Tuesday,,149
18/05/2021,Tuesday,,133
18/05/2021,Tuesday,,151
18/05/2021,Tuesday,,130
18/05/2021,Tuesday,,106
18/05/2021,Tuesday,,105
18/05/2021,Tuesday,,100
18/05/2021,Tuesday,,117
18/05/2021,Tuesday,,161
18/05/2021,Tuesday,,142
18/05/2021,Tuesday,,185
18/05/2021,Tuesday,,118
18/05/2021,Tuesday,,108
18/05/2021,Tuesday,,123
18/05/2021,Tuesday,,110
18/05/2021,Tuesday,,108
18/05/2021,Tuesday,,147
18/05/2021,Tuesday,,137
18/05/2021,Tuesday,,151
18/05/2021,Tuesday,,128
18/05/2021,Tuesday,,124
18/05/2021,Tuesday,,150
18/05/2021,Tuesday,,143
18/05/2021,Tuesday,,163
18/05/2021,Tuesday,,167
18/05/2021,Tuesday,,200
18/05/2021,Tuesday,,157
18/05/2021,Tuesday,,189
18/05/2021,Tuesday,,165
18/05/2021,Tuesday,,184
18/05/2021,Tuesday,,212
18/05/2021,Tuesday,,166
18/05/2021,Tuesday,,182
18/05/2021,Tuesday,,142
18/05/2021,Tuesday,,106
18/05/2021,Tuesday,,113
18/05/2021,Tuesday,,75
18/05/2021,Tuesday,,63
18/05/2021,Tuesday,,82
18/05/2021,Tuesday,,73
18/05/2021,Tuesday,,60
18/05/2021,Tuesday,,51
18/05/2021,Tuesday,,42
18/05/2021,Tuesday,,31
18/05/2021,Tuesday,,44
18/05/2021,Tuesday,,41
18/05/2021,Tuesday,,34
18/05/2021,Tuesday,,29
18/05/2021,Tuesday,,17
18/05/2021,Tuesday,,31
18/05/2021,Tuesday,,43
18/05/2021,Tuesday,,14
18/05/2021,Tuesday,,14
18/05/2021,Tuesday,,9
18/05/2021,Tuesday,,11
18/05/2021,Tuesday,,6
18/05/2021,Tuesday,,11
19/05/2021,Wednesday,,5
19/05/2021,Wednesday,,5
19/05/2021,Wednesday,,6
19/05/2021,Wednesday,,3
19/05/2021,Wednesday,,5
19/05/2021,Wednesday,,5
19/05/2021,Wednesday,,3
19/05/2021,Wednesday,,3
19/05/2021,Wednesday,,5
19/05/2021,Wednesday,,1
19/05/2021,Wednesday,,2
19/05/2021,Wednesday,,2
19/05/2021,Wednesday,,3
19/05/2021,Wednesday,,2
19/05/2021,Wednesday,,4
19/05/2021,Wednesday,,7
19/05/2021,Wednesday,,4
19/05/2021,Wednesday,,5
19/05/2021,Wednesday,,6
19/05/2021,Wednesday,,4
19/05/2021,Wednesday,,14
19/05/2021,Wednesday,,14
19/05/2021,Wednesday,,23
19/05/2021,Wednesday,,18
19/05/2021,Wednesday,,42
19/05/2021,Wednesday,,49
19/05/2021,Wednesday,,64
19/05/2021,Wednesday,,71
19/05/2021,Wednesday,,88
19/05/2021,Wednesday,,154
19/05/2021,Wednesday,,132
19/05/2021,Wednesday,,123
19/05/2021,Wednesday,,153
19/05/2021,Wednesday,,160
19/05/2021,Wednesday,,132
19/05/2021,Wednesday,,158
19/05/2021,Wednesday,,125
19/05/2021,Wednesday,,148
19/05/2021,Wednesday,,123
19/05/2021,Wednesday,,159
19/05/2021,Wednesday,,173
19/05/2021,Wednesday,,152
19/05/2021,Wednesday,,156
19/05/2021,Wednesday,,167
19/05/2021,Wednesday,,134
19/05/2021,Wednesday,,151
19/05/2021,Wednesday,,154
19/05/2021,Wednesday,,130
19/05/2021,Wednesday,,181
19/05/2021,Wednesday,,137
19/05/2021,Wednesday,,103
19/05/2021,Wednesday,,154
19/05/2021,Wednesday,,130
19/05/2021,Wednesday,,141
19/05/2021,Wednesday,,135
19/05/2021,Wednesday,,134
19/05/2021,Wednesday,,142
19/05/2021,Wednesday,,158
19/05/2021,Wednesday,,168
19/05/2021,Wednesday,,137
19/05/2021,Wednesday,,143
19/05/2021,Wednesday,,180
19/05/2021,Wednesday,,187
19/05/2021,Wednesday,,174
19/05/2021,Wednesday,,190
19/05/2021,Wednesday,,178
19/05/2021,Wednesday,,176
19/05/2021,Wednesday,,149
19/05/2021,Wednesday,,169
19/05/2021,Wednesday,,218
19/05/2021,Wednesday,,175
19/05/2021,Wednesday,,130
19/05/2021,Wednesday,,159
19/05/2021,Wednesday,,115
19/05/2021,Wednesday,,120
19/05/2021,Wednesday,,78
19/05/2021,Wednesday,,77
19/05/2021,Wednesday,,72
19/05/2021,Wednesday,,58
19/05/2021,Wednesday,,63
19/05/2021,Wednesday,,48
19/05/2021,Wednesday,,58
19/05/2021,Wednesday,,70
19/05/2021,Wednesday,,47
19/05/2021,Wednesday,,43
19/05/2021,Wednesday,,39
19/05/2021,Wednesday,,43
19/05/2021,Wednesday,,28
19/05/2021,Wednesday,,21
19/05/2021,Wednesday,,31
19/05/2021,Wednesday,,21
19/05/2021,Wednesday,,20
19/05/2021,Wednesday,,10
19/05/2021,Wednesday,,9
19/05/2021,Wednesday,,11
19/05/2021,Wednesday,,6
20/05/2021,Thursday,,7
20/05/2021,Thursday,,11
20/05/2021,Thursday,,5
20/05/2021,Thursday,,5
20/05/2021,Thursday,,2
20/05/2021,Thursday,,2
20/05/2021,Thursday,,0
20/05/2021,Thursday,,6
20/05/2021,Thursday,,5
20/05/2021,Thursday,,1
20/05/2021,Thursday,,6
20/05/2021,Thursday,,4
20/05/2021,Thursday,,3
20/05/2021,Thursday,,3
20/05/2021,Thursday,,2
20/05/2021,Thursday,,6
20/05/2021,Thursday,,4
20/05/2021,Thursday,,9
20/05/2021,Thursday,,9
20/05/2021,Thursday,,10
20/05/2021,Thursday,,10
20/05/2021,Thursday,,13
20/05/2021,Thursday,,32
20/05/2021,Thursday,,22
20/05/2021,Thursday,,30
20/05/2021,Thursday,,46
20/05/2021,Thursday,,58
20/05/2021,Thursday,,80
20/05/2021,Thursday,,109
20/05/2021,Thursday,,142
20/05/2021,Thursday,,141
20/05/2021,Thursday,,137
20/05/2021,Thursday,,150
20/05/2021,Thursday,,152
20/05/2021,Thursday,,132
20/05/2021,Thursday,,136
20/05/2021,Thursday,,114
20/05/2021,Thursday,,143
20/05/2021,Thursday,,121
20/05/2021,Thursday,,120
20/05/2021,Thursday,,130
20/05/2021,Thursday,,143
20/05/2021,Thursday,,140
20/05/2021,Thursday,,120
20/05/2021,Thursday,,135
20/05/2021,Thursday,,150
20/05/2021,Thursday,,158
20/05/2021,Thursday,,154
20/05/2021,Thursday,,110
20/05/2021,Thursday,,172
20/05/2021,Thursday,,178
20/05/2021,Thursday,,171
20/05/2021,Thursday,,117
20/05/2021,Thursday,,115
20/05/2021,Thursday,,133
20/05/2021,Thursday,,154
20/05/2021,Thursday,,166
20/05/2021,Thursday,,165
20/05/2021,Thursday,,159
20/05/2021,Thursday,,137
20/05/2021,Thursday,,170
20/05/2021,Thursday,,163
20/05/2021,Thursday,,180
20/05/2021,Thursday,,159
20/05/2021,Thursday,,174
20/05/2021,Thursday,,143
20/05/2021,Thursday,,190
20/05/2021,Thursday,,174
20/05/2021,Thursday,,190
20/05/2021,Thursday,,200
20/05/2021,Thursday,,151
20/05/2021,Thursday,,146
20/05/2021,Thursday,,159
20/05/2021,Thursday,,123
20/05/2021,Thursday,,99
20/05/2021,Thursday,,115
20/05/2021,Thursday,,86
20/05/2021,Thursday,,69
20/05/2021,Thursday,,54
20/05/2021,Thursday,,66
20/05/2021,Thursday,,53
20/05/2021,Thursday,,57
20/05/2021,Thursday,,49
20/05/2021,Thursday,,45
20/05/2021,Thursday,,46
20/05/2021,Thursday,,39
20/05/2021,Thursday,,33
20/05/2021,Thursday,,37
20/05/2021,Thursday,,29
20/05/2021,Thursday,,29
20/05/2021,Thursday,,28
20/05/2021,Thursday,,17
20/05/2021,Thursday,,11
20/05/2021,Thursday,,3
20/05/2021,Thursday,,8
20/05/2021,Thursday,,4
21/05/2021,Friday,,8
21/05/2021,Friday,,10
21/05/2021,Friday,,6
21/05/2021,Friday,,6
21/05/2021,Friday,,3
21/05/2021,Friday,,7
21/05/2021,Friday,,2
21/05/2021,Friday,,7
21/05/2021,Friday,,2
21/05/2021,Friday,,2
21/05/2021,Friday,,2
21/05/2021,Friday,,4
21/05/2021,Friday,,1
21/05/2021,Friday,,2
21/05/2021,Friday,,3
21/05/2021,Friday,,3
21/05/2021,Friday,,9
21/05/2021,Friday,,8
21/05/2021,Friday,,4
21/05/2021,Friday,,6
21/05/2021,Friday,,13
21/05/2021,Friday,,13
21/05/2021,Friday,,22
21/05/2021,Friday,,18
21/05/2021,Friday,,38
21/05/2021,Friday,,46
21/05/2021,Friday,,45
21/05/2021,Friday,,65
21/05/2021,Friday,,102
21/05/2021,Friday,,116
21/05/2021,Friday,,140
21/05/2021,Friday,,120
21/05/2021,Friday,,121
21/05/2021,Friday,,121
21/05/2021,Friday,,151
21/05/2021,Friday,,126
21/05/2021,Friday,,117
21/05/2021,Friday,,163
21/05/2021,Friday,,113
21/05/2021,Friday,,136
21/05/2021,Friday,,121
21/05/2021,Friday,,118
21/05/2021,Friday,,151
21/05/2021,Friday,,122
21/05/2021,Friday,,174
21/05/2021,Friday,,139
21/05/2021,Friday,,155
21/05/2021,Friday,,157
21/05/2021,Friday,,185
21/05/2021,Friday,,166
21/05/2021,Friday,,131
21/05/2021,Friday,,133
21/05/2021,Friday,,180
21/05/2021,Friday,,195
21/05/2021,Friday,,197
21/05/2021,Friday,,218
21/05/2021,Friday,,203
21/05/2021,Friday,,222
21/05/2021,Friday,,194
21/05/2021,Friday,,205
21/05/2021,Friday,,219
21/05/2021,Friday,,174
21/05/2021,Friday,,205
21/05/2021,Friday,,238
21/05/2021,Friday,,197
21/05/2021,Friday,,205
21/05/2021,Friday,,209
21/05/2021,Friday,,218
21/05/2021,Friday,,205
21/05/2021,Friday,,209
21/05/2021,Friday,,207
21/05/2021,Friday,,204
21/05/2021,Friday,,191
21/05/2021,Friday,,199
21/05/2021,Friday,,170
21/05/2021,Friday,,165
21/05/2021,Friday,,177
21/05/2021,Friday,,179
21/05/2021,Friday,,146
21/05/2021,Friday,,118
21/05/2021,Friday,,89
21/05/2021,Friday,,97
21/05/2021,Friday,,77
21/05/2021,Friday,,73
21/05/2021,Friday,,52
21/05/2021,Friday,,47
21/05/2021,Friday,,50
21/05/2021,Friday,,39
21/05/2021,Friday,,33
21/05/2021,Friday,,47
21/05/2021,Friday,,29
21/05/2021,Friday,,22
21/05/2021,Friday,,16
21/05/2021,Friday,,16
21/05/2021,Friday,,12
21/05/2021,Friday,,12
22/05/2021,Saturday,,8
22/05/2021,Saturday,,15
22/05/2021,Saturday,,7
22/05/2021,Saturday,,5
22/05/2021,Saturday,,6
22/05/2021,Saturday,,4
22/05/2021,Saturday,,2
22/05/2021,Saturday,,2
22/05/2021,Saturday,,4
22/05/2021,Saturday,,3
22/05/2021,Saturday,,3
22/05/2021,Saturday,,2
22/05/2021,Saturday,,1
22/05/2021,Saturday,,0
22/05/2021,Saturday,,2
22/05/2021,Saturday,,5
22/05/2021,Saturday,,1
22/05/2021,Saturday,,5
22/05/2021,Saturday,,4
22/05/2021,Saturday,,4
22/05/2021,Saturday,,7
22/05/2021,Saturday,,9
22/05/2021,Saturday,,19
22/05/2021,Saturday,,17
22/05/2021,Saturday,,24
22/05/2021,Saturday,,27
22/05/2021,Saturday,,34
22/05/2021,Saturday,,35
22/05/2021,Saturday,,44
22/05/2021,Saturday,,53
22/05/2021,Saturday,,59
22/05/2021,Saturday,,48
22/05/2021,Saturday,,64
22/05/2021,Saturday,,74
22/05/2021,Saturday,,93
22/05/2021,Saturday,,122
22/05/2021,Saturday,,124
22/05/2021,Saturday,,146
22/05/2021,Saturday,,152
22/05/2021,Saturday,,202
22/05/2021,Saturday,,163
22/05/2021,Saturday,,183
22/05/2021,Saturday,,167
22/05/2021,Saturday,,177
22/05/2021,Saturday,,213
22/05/2021,Saturday,,177
22/05/2021,Saturday,,205
22/05/2021,Saturday,,215
22/05/2021,Saturday,,222
22/05/2021,Saturday,,211
22/05/2021,Saturday,,187
22/05/2021,Saturday,,204
22/05/2021,Saturday,,217
22/05/2021,Saturday,,187
22/05/2021,Saturday,,172
22/05/2021,Saturday,,176
22/05/2021,Saturday,,167
22/05/2021,Saturday,,193
22/05/2021,Saturday,,173
22/05/2021,Saturday,,166
22/05/2021,Saturday,,135
22/05/2021,Saturday,,153
22/05/2021,Saturday,,149
22/05/2021,Saturday,,143
22/05/2021,Saturday,,153
22/05/2021,Saturday,,137
22/05/2021,Saturday,,164
22/05/2021,Saturday,,125
22/05/2021,Saturday,,161
22/05/2021,Saturday,,131
22/05/2021,Saturday,,133
22/05/2021,Saturday,,124
22/05/2021,Saturday,,119
22/05/2021,Saturday,,136
22/05/2021,Saturday,,109
22/05/2021,Saturday,,76
22/05/2021,Saturday,,85
22/05/2021,Saturday,,90
22/05/2021,Saturday,,60
22/05/2021,Saturday,,54
22/05/2021,Saturday,,47
22/05/2021,Saturday,,42
22/05/2021,Saturday,,49
22/05/2021,Saturday,,48
22/05/2021,Saturday,,46
22/05/2021,Saturday,,34
22/05/2021,Saturday,,36
22/05/2021,Saturday,,26
22/05/2021,Saturday,,32
22/05/2021,Saturday,,31
22/05/2021,Saturday,,25
22/05/2021,Saturday,,31
22/05/2021,Saturday,,19
22/05/2021,Saturday,,34
22/05/2021,Saturday,,12
22/05/2021,Saturday,,9
23/05/2021,Sunday,,9
23/05/2021,Sunday,,15
23/05/2021,Sunday,,11
23/05/2021,Sunday,,8
23/05/2021,Sunday,,6
23/05/2021,Sunday,,9
23/05/2021,Sunday,,2
23/05/2021,Sunday,,6
23/05/2021,Sunday,,5
23/05/2021,Sunday,,3
23/05/2021,Sunday,,3
23/05/2021,Sunday,,1
23/05/2021,Sunday,,3
23/05/2021,Sunday,,5
23/05/2021,Sunday,,2
23/05/2021,Sunday,,2
23/05/2021,Sunday,,2
23/05/2021,Sunday,,3
23/05/2021,Sunday,,3
23/05/2021,Sunday,,2
23/05/2021,Sunday,,6
23/05/2021,Sunday,,11
23/05/2021,Sunday,,8
23/05/2021,Sunday,,8
23/05/2021,Sunday,,24
23/05/2021,Sunday,,20
23/05/2021,Sunday,,17
23/05/2021,Sunday,,25
23/05/2021,Sunday,,20
23/05/2021,Sunday,,34
23/05/2021,Sunday,,40
23/05/2021,Sunday,,44
23/05/2021,Sunday,,58
23/05/2021,Sunday,,67
23/05/2021,Sunday,,66
23/05/2021,Sunday,,104
23/05/2021,Sunday,,103
23/05/2021,Sunday,,119
23/05/2021,Sunday,,133
23/05/2021,Sunday,,129
23/05/2021,Sunday,,149
23/05/2021,Sunday,,167
23/05/2021,Sunday,,164
23/05/2021,Sunday,,142
23/05/2021,Sunday,,196
23/05/2021,Sunday,,174
23/05/2021,Sunday,,131
23/05/2021,Sunday,,170
23/05/2021,Sunday,,161
23/05/2021,Sunday,,157
23/05/2021,Sunday,,159
23/05/2021,Sunday,,169
23/05/2021,Sunday,,155
23/05/2021,Sunday,,156
23/05/2021,Sunday,,181
23/05/2021,Sunday,,129
23/05/2021,Sunday,,134
23/05/2021,Sunday,,131
23/05/2021,Sunday,,119
23/05/2021,Sunday,,124
23/05/2021,Sunday,,130
23/05/2021,Sunday,,142
23/05/2021,Sunday,,124
23/05/2021,Sunday,,149
23/05/2021,Sunday,,145
23/05/2021,Sunday,,128
23/05/2021,Sunday,,115
23/05/2021,Sunday,,114
23/05/2021,Sunday,,119
23/05/2021,Sunday,,126
23/05/2021,Sunday,,104
23/05/2021,Sunday,,88
23/05/2021,Sunday,,96
23/05/2021,Sunday,,104
23/05/2021,Sunday,,68
23/05/2021,Sunday,,67
23/05/2021,Sunday,,60
23/05/2021,Sunday,,67
23/05/2021,Sunday,,62
23/05/2021,Sunday,,44
23/05/2021,Sunday,,59
23/05/2021,Sunday,,55
23/05/2021,Sunday,,27
23/05/2021,Sunday,,30
23/05/2021,Sunday,,37
23/05/2021,Sunday,,24
23/05/2021,Sunday,,28
23/05/2021,Sunday,,16
23/05/2021,Sunday,,17
23/05/2021,Sunday,,10
23/05/2021,Sunday,,11
23/05/2021,Sunday,,9
23/05/2021,Sunday,,11
23/05/2021,Sunday,,7
23/05/2021,Sunday,,7
23/05/2021,Sunday,,4
24/05/2021,Monday,,2
24/05/2021,Monday,,7
24/05/2021,Monday,,4
24/05/2021,Monday,,2
24/05/2021,Monday,,4
24/05/2021,Monday,,1
24/05/2021,Monday,,5
24/05/2021,Monday,,2
24/05/2021,Monday,,2
24/05/2021,Monday,,4
24/05/2021,Monday,,1
24/05/2021,Monday,,1
24/05/2021,Monday,,1
24/05/2021,Monday,,5
24/05/2021,Monday,,2
24/05/2021,Monday,,3
24/05/2021,Monday,,3
24/05/2021,Monday,,9
24/05/2021,Monday,,3
24/05/2021,Monday,,3
24/05/2021,Monday,,8
24/05/2021,Monday,,17
24/05/2021,Monday,,24
24/05/2021,Monday,,18
24/05/2021,Monday,,16
24/05/2021,Monday,,42
24/05/2021,Monday,,59
24/05/2021,Monday,,77
24/05/2021,Monday,,105
24/05/2021,Monday,,114
24/05/2021,Monday,,140
24/05/2021,Monday,,147
24/05/2021,Monday,,142
24/05/2021,Monday,,154
24/05/2021,Monday,,144
24/05/2021,Monday,,139
24/05/2021,Monday,,150
24/05/2021,Monday,,159
24/05/2021,Monday,,150
24/05/2021,Monday,,122
24/05/2021,Monday,,141
24/05/2021,Monday,,157
24/05/2021,Monday,,140
24/05/2021,Monday,,154
24/05/2021,Monday,,176
24/05/2021,Monday,,172
24/05/2021,Monday,,148
24/05/2021,Monday,,153
24/05/2021,Monday,,156
24/05/2021,Monday,,178
24/05/2021,Monday,,163
24/05/2021,Monday,,146
24/05/2021,Monday,,179
24/05/2021,Monday,,151
24/05/2021,Monday,,179
24/05/2021,Monday,,191
24/05/2021,Monday,,175
24/05/2021,Monday,,228
24/05/2021,Monday,,216
24/05/2021,Monday,,156
24/05/2021,Monday,,162
24/05/2021,Monday,,183
24/05/2021,Monday,,213
24/05/2021,Monday,,167
24/05/2021,Monday,,176
24/05/2021,Monday,,201
24/05/2021,Monday,,180
24/05/2021,Monday,,155
24/05/2021,Monday,,176
24/05/2021,Monday,,220
24/05/2021,Monday,,151
24/05/2021,Monday,,136
24/05/2021,Monday,,162
24/05/2021,Monday,,104
24/05/2021,Monday,,103
24/05/2021,Monday,,85
24/05/2021,Monday,,69
24/05/2021,Monday,,76
24/05/2021,Monday,,58
24/05/2021,Monday,,49
24/05/2021,Monday,,59
24/05/2021,Monday,,43
24/05/2021,Monday,,34
24/05/2021,Monday,,36
24/05/2021,Monday,,23
24/05/2021,Monday,,24
24/05/2021,Monday,,25
24/05/2021,Monday,,26
24/05/2021,Monday,,31
24/05/2021,Monday,,32
24/05/2021,Monday,,17
24/05/2021,Monday,,11
24/05/2021,Monday,,7
24/05/2021,Monday,,7
24/05/2021,Monday,,6
24/05/2021,Monday,,3
25/05/2021,Tuesday,,7
25/05/2021,Tuesday,,6
25/05/2021,Tuesday,,1
25/05/2021,Tuesday,,6
25/05/2021,Tuesday,,2
25/05/2021,Tuesday,,2
25/05/2021,Tuesday,,2
25/05/2021,Tuesday,,5
25/05/2021,Tuesday,,3
25/05/2021,Tuesday,,1
25/05/2021,Tuesday,,1
25/05/2021,Tuesday,,2
25/05/2021,Tuesday,,4
25/05/2021,Tuesday,,7
25/05/2021,Tuesday,,3
25/05/2021,Tuesday,,1
25/05/2021,Tuesday,,7
25/05/2021,Tuesday,,6
25/05/2021,Tuesday,,6
25/05/2021,Tuesday,,4
25/05/2021,Tuesday,,12
25/05/2021,Tuesday,,16
25/05/2021,Tuesday,,28
25/05/2021,Tuesday,,13
25/05/2021,Tuesday,,32
25/05/2021,Tuesday,,50
25/05/2021,Tuesday,,49
25/05/2021,Tuesday,,80
25/05/2021,Tuesday,,109
25/05/2021,Tuesday,,110
25/05/2021,Tuesday,,142
25/05/2021,Tuesday,,124
25/05/2021,Tuesday,,167
25/05/2021,Tuesday,,142
25/05/2021,Tuesday,,128
25/05/2021,Tuesday,,145
25/05/2021,Tuesday,,126
25/05/2021,Tuesday,,148
25/05/2021,Tuesday,,126
25/05/2021,Tuesday,,131
25/05/2021,Tuesday,,129
25/05/2021,Tuesday,,127
25/05/2021,Tuesday,,120
25/05/2021,Tuesday,,143
25/05/2021,Tuesday,,119
25/05/2021,Tuesday,,145
25/05/2021,Tuesday,,145
25/05/2021,Tuesday,,123
25/05/2021,Tuesday,,124
25/05/2021,Tuesday,,132
25/05/2021,Tuesday,,129
25/05/2021,Tuesday,,132
25/05/2021,Tuesday,,151
25/05/2021,Tuesday,,114
25/05/2021,Tuesday,,102
25/05/2021,Tuesday,,144
25/05/2021,Tuesday,,136
25/05/2021,Tuesday,,143
25/05/2021,Tuesday,,137
25/05/2021,Tuesday,,140
25/05/2021,Tuesday,,115
25/05/2021,Tuesday,,144
25/05/2021,Tuesday,,185
25/05/2021,Tuesday,,196
25/05/2021,Tuesday,,151
25/05/2021,Tuesday,,137
25/05/2021,Tuesday,,154
25/05/2021,Tuesday,,159
25/05/2021,Tuesday,,174
25/05/2021,Tuesday,,211
25/05/2021,Tuesday,,150
25/05/2021,Tuesday,,145
25/05/2021,Tuesday,,165
25/05/2021,Tuesday,,138
25/05/2021,Tuesday,,117
25/05/2021,Tuesday,,61
25/05/2021,Tuesday,,87
25/05/2021,Tuesday,,59
25/05/2021,Tuesday,,50
25/05/2021,Tuesday,,63
25/05/2021,Tuesday,,51
25/05/2021,Tuesday,,38
25/05/2021,Tuesday,,55
25/05/2021,Tuesday,,37
25/05/2021,Tuesday,,25
25/05/2021,Tuesday,,34
25/05/2021,Tuesday,,19
25/05/2021,Tuesday,,30
25/05/2021,Tuesday,,22
25/05/2021,Tuesday,,28
25/05/2021,Tuesday,,25
25/05/2021,Tuesday,,11
25/05/2021,Tuesday,,6
25/05/2021,Tuesday,,4
25/05/2021,Tuesday,,8
25/05/2021,Tuesday,,10
26/05/2021,Wednesday,,3
26/05/2021,Wednesday,,8
26/05/2021,Wednesday,,0
26/05/2021,Wednesday,,3
26/05/2021,Wednesday,,6
26/05/2021,Wednesday,,2
26/05/2021,Wednesday,,1
26/05/2021,Wednesday,,3
26/05/2021,Wednesday,,3
26/05/2021,Wednesday,,0
26/05/2021,Wednesday,,4
26/05/2021,Wednesday,,4
26/05/2021,Wednesday,,1
26/05/2021,Wednesday,,3
26/05/2021,Wednesday,,0
26/05/2021,Wednesday,,2
26/05/2021,Wednesday,,5
26/05/2021,Wednesday,,11
26/05/2021,Wednesday,,6
26/05/2021,Wednesday,,5
26/05/2021,Wednesday,,12
26/05/2021,Wednesday,,13
26/05/2021,Wednesday,,17
26/05/2021,Wednesday,,21
26/05/2021,Wednesday,,38
26/05/2021,Wednesday,,52
26/05/2021,Wednesday,,58
26/05/2021,Wednesday,,83
26/05/2021,Wednesday,,97
26/05/2021,Wednesday,,137
26/05/2021,Wednesday,,138
26/05/2021,Wednesday,,125
26/05/2021,Wednesday,,137
26/05/2021,Wednesday,,147
26/05/2021,Wednesday,,142
26/05/2021,Wednesday,,113
26/05/2021,Wednesday,,109
26/05/2021,Wednesday,,135
26/05/2021,Wednesday,,116
26/05/2021,Wednesday,,149
26/05/2021,Wednesday,,108
26/05/2021,Wednesday,,160
26/05/2021,Wednesday,,108
26/05/2021,Wednesday,,120
26/05/2021,Wednesday,,133
26/05/2021,Wednesday,,134
26/05/2021,Wednesday,,140
26/05/2021,Wednesday,,138
26/05/2021,Wednesday,,118
26/05/2021,Wednesday,,128
26/05/2021,Wednesday,,150
26/05/2021,Wednesday,,112
26/05/2021,Wednesday,,137
26/05/2021,Wednesday,,114
26/05/2021,Wednesday,,131
26/05/2021,Wednesday,,147
26/05/2021,Wednesday,,134
26/05/2021,Wednesday,,139
26/05/2021,Wednesday,,146
26/05/2021,Wednesday,,139
26/05/2021,Wednesday,,132
26/05/2021,Wednesday,,151
26/05/2021,Wednesday,,180
26/05/2021,Wednesday,,192
26/05/2021,Wednesday,,167
26/05/2021,Wednesday,,197
26/05/2021,Wednesday,,187
26/05/2021,Wednesday,,165
26/05/2021,Wednesday,,197
26/05/2021,Wednesday,,179
26/05/2021,Wednesday,,161
26/05/2021,Wednesday,,129
26/05/2021,Wednesday,,144
26/05/2021,Wednesday,,121
26/05/2021,Wednesday,,99
26/05/2021,Wednesday,,91
26/05/2021,Wednesday,,70
26/05/2021,Wednesday,,97
26/05/2021,Wednesday,,67
26/05/2021,Wednesday,,61
26/05/2021,Wednesday,,61
26/05/2021,Wednesday,,58
26/05/2021,Wednesday,,51
26/05/2021,Wednesday,,47
26/05/2021,Wednesday,,33
26/05/2021,Wednesday,,29
26/05/2021,Wednesday,,25
26/05/2021,Wednesday,,33
26/05/2021,Wednesday,,30
26/05/2021,Wednesday,,37
26/05/2021,Wednesday,,16
26/05/2021,Wednesday,,8
26/05/2021,Wednesday,,13
26/05/2021,Wednesday,,12
26/05/2021,Wednesday,,4
26/05/2021,Wednesday,,7
27/05/2021,Thursday,,8
27/05/2021,Thursday,,9
27/05/2021,Thursday,,7
27/05/2021,Thursday,,4
27/05/2021,Thursday,,4
27/05/2021,Thursday,,3
27/05/2021,Thursday,,2
27/05/2021,Thursday,,4
27/05/2021,Thursday,,2
27/05/2021,Thursday,,3
27/05/2021,Thursday,,4
27/05/2021,Thursday,,2
27/05/2021,Thursday,,5
27/05/2021,Thursday,,2
27/05/2021,Thursday,,7
27/05/2021,Thursday,,4
27/05/2021,Thursday,,6
27/05/2021,Thursday,,10
27/05/2021,Thursday,,4
27/05/2021,Thursday,,10
27/05/2021,Thursday,,4
27/05/2021,Thursday,,11
27/05/2021,Thursday,,25
27/05/2021,Thursday,,24
27/05/2021,Thursday,,25
27/05/2021,Thursday,,53
27/05/2021,Thursday,,49
27/05/2021,Thursday,,86
27/05/2021,Thursday,,108
27/05/2021,Thursday,,116
27/05/2021,Thursday,,122
27/05/2021,Thursday,,159
27/05/2021,Thursday,,153
27/05/2021,Thursday,,150
27/05/2021,Thursday,,169
27/05/2021,Thursday,,138
27/05/2021,Thursday,,118
27/05/2021,Thursday,,151
27/05/2021,Thursday,,163
27/05/2021,Thursday,,162
27/05/2021,Thursday,,160
27/05/2021,Thursday,,173
27/05/2021,Thursday,,169
27/05/2021,Thursday,,175
27/05/2021,Thursday,,152
27/05/2021,Thursday,,158
27/05/2021,Thursday,,216
27/05/2021,Thursday,,209
27/05/2021,Thursday,,172
27/05/2021,Thursday,,156
27/05/2021,Thursday,,159
27/05/2021,Thursday,,147
27/05/2021,Thursday,,156
27/05/2021,Thursday,,150
27/05/2021,Thursday,,139
27/05/2021,Thursday,,151
27/05/2021,Thursday,,151
27/05/2021,Thursday,,149
27/05/2021,Thursday,,154
27/05/2021,Thursday,,147
27/05/2021,Thursday,,157
27/05/2021,Thursday,,156
27/05/2021,Thursday,,204
27/05/2021,Thursday,,184
27/05/2021,Thursday,,195
27/05/2021,Thursday,,191
27/05/2021,Thursday,,203
27/05/2021,Thursday,,211
27/05/2021,Thursday,,194
27/05/2021,Thursday,,174
27/05/2021,Thursday,,177
27/05/2021,Thursday,,149
27/05/2021,Thursday,,211
27/05/2021,Thursday,,153
27/05/2021,Thursday,,141
27/05/2021,Thursday,,117
27/05/2021,Thursday,,98
27/05/2021,Thursday,,88
27/05/2021,Thursday,,87
27/05/2021,Thursday,,89
27/05/2021,Thursday,,79
27/05/2021,Thursday,,64
27/05/2021,Thursday,,64
27/05/2021,Thursday,,62
27/05/2021,Thursday,,51
27/05/2021,Thursday,,48
27/05/2021,Thursday,,33
27/05/2021,Thursday,,33
27/05/2021,Thursday,,39
27/05/2021,Thursday,,42
27/05/2021,Thursday,,29
27/05/2021,Thursday,,19
27/05/2021,Thursday,,18
27/05/2021,Thursday,,17
27/05/2021,Thursday,,13
27/05/2021,Thursday,,8
28/05/2021,Friday,,9
28/05/2021,Friday,,8
28/05/2021,Friday,,10
28/05/2021,Friday,,6
28/05/2021,Friday,,12
28/05/2021,Friday,,3
28/05/2021,Friday,,6
28/05/2021,Friday,,7
28/05/2021,Friday,,3
28/05/2021,Friday,,1
28/05/2021,Friday,,1
28/05/2021,Friday,,4
28/05/2021,Friday,,5
28/05/2021,Friday,,5
28/05/2021,Friday,,1
28/05/2021,Friday,,7
28/05/2021,Friday,,4
28/05/2021,Friday,,11
28/05/2021,Friday,,8
28/05/2021,Friday,,7
28/05/2021,Friday,,15
28/05/2021,Friday,,13
28/05/2021,Friday,,15
28/05/2021,Friday,,25
28/05/2021,Friday,,26
28/05/2021,Friday,,51
28/05/2021,Friday,,60
28/05/2021,Friday,,67
28/05/2021,Friday,,113
28/05/2021,Friday,,128
28/05/2021,Friday,,122
28/05/2021,Friday,,134
28/05/2021,Friday,,164
28/05/2021,Friday,,127
28/05/2021,Friday,,169
28/05/2021,Friday,,154
28/05/2021,Friday,,142
28/05/2021,Friday,,156
28/05/2021,Friday,,138
28/05/2021,Friday,,182
28/05/2021,Friday,,162
28/05/2021,Friday,,183
28/05/2021,Friday,,154
28/05/2021,Friday,,184
28/05/2021,Friday,,138
28/05/2021,Friday,,197
28/05/2021,Friday,,196
28/05/2021,Friday,,184
28/05/2021,Friday,,196
28/05/2021,Friday,,197
28/05/2021,Friday,,199
28/05/2021,Friday,,182
28/05/2021,Friday,,188
28/05/2021,Friday,,194
28/05/2021,Friday,,194
28/05/2021,Friday,,197
28/05/2021,Friday,,211
28/05/2021,Friday,,202
28/05/2021,Friday,,213
28/05/2021,Friday,,199
28/05/2021,Friday,,217
28/05/2021,Friday,,182
28/05/2021,Friday,,211
28/05/2021,Friday,,205
28/05/2021,Friday,,241
28/05/2021,Friday,,192
28/05/2021,Friday,,219
28/05/2021,Friday,,209
28/05/2021,Friday,,200
28/05/2021,Friday,,221
28/05/2021,Friday,,221
28/05/2021,Friday,,230
28/05/2021,Friday,,208
28/05/2021,Friday,,213
28/05/2021,Friday,,181
28/05/2021,Friday,,188
28/05/2021,Friday,,167
28/05/2021,Friday,,195
28/05/2021,Friday,,158
28/05/2021,Friday,,136
28/05/2021,Friday,,141
28/05/2021,Friday,,157
28/05/2021,Friday,,128
28/05/2021,Friday,,141
28/05/2021,Friday,,90
28/05/2021,Friday,,78
28/05/2021,Friday,,65
28/05/2021,Friday,,48
28/05/2021,Friday,,48
28/05/2021,Friday,,55
28/05/2021,Friday,,40
28/05/2021,Friday,,27
28/05/2021,Friday,,29
28/05/2021,Friday,,36
28/05/2021,Friday,,27
28/05/2021,Friday,,27
29/05/2021,Saturday,,16
29/05/2021,Saturday,,22
29/05/2021,Saturday,,9
29/05/2021,Saturday,,10
29/05/2021,Saturday,,7
29/05/2021,Saturday,,8
29/05/2021,Saturday,,5
29/05/2021,Saturday,,1
29/05/2021,Saturday,,4
29/05/2021,Saturday,,10
29/05/2021,Saturday,,3
29/05/2021,Saturday,,6
29/05/2021,Saturday,,6
29/05/2021,Saturday,,4
29/05/2021,Saturday,,6
29/05/2021,Saturday,,5
29/05/2021,Saturday,,5
29/05/2021,Saturday,,7
29/05/2021,Saturday,,8
29/05/2021,Saturday,,7
29/05/2021,Saturday,,8
29/05/2021,Saturday,,10
29/05/2021,Saturday,,23
29/05/2021,Saturday,,14
29/05/2021,Saturday,,25
29/05/2021,Saturday,,27
29/05/2021,Saturday,,31
29/05/2021,Saturday,,38
29/05/2021,Saturday,,44
29/05/2021,Saturday,,43
29/05/2021,Saturday,,84
29/05/2021,Saturday,,69
29/05/2021,Saturday,,101
29/05/2021,Saturday,,
29/05/2021,Saturday,,
29/05/2021,Saturday,,
29/05/2021,Saturday,,
29/05/2021,Saturday,,
29/05/2021,Saturday,,
29/05/2021,Saturday,,
29/05/2021,Saturday,,
29/05/2021,Saturday,,
29/05/2021,Saturday,,
29/05/2021,Saturday,,
29/05/2021,Saturday,,
29/05/2021,Saturday,,
29/05/2021,Saturday,,
29/05/2021,Saturday,,
29/05/2021,Saturday,,
29/05/2021,Saturday,,
29/05/2021,Saturday,,
29/05/2021,Saturday,,
29/05/2021,Saturday,,
29/05/2021,Saturday,,
29/05/2021,Saturday,,
29/05/2021,Saturday,,
29/05/2021,Saturday,,
29/05/2021,Saturday,,
29/05/2021,Saturday,,
29/05/2021,Saturday,,
29/05/2021,Saturday,,
29/05/2021,Saturday,,
29/05/2021,Saturday,,
29/05/2021,Saturday,,
29/05/2021,Saturday,,
29/05/2021,Saturday,,
29/05/2021,Saturday,,
29/05/2021,Saturday,,
29/05/2021,Saturday,,
29/05/2021,Saturday,,
29/05/2021,Saturday,,
29/05/2021,Saturday,,
29/05/2021,Saturday,,
29/05/2021,Saturday,,
29/05/2021,Saturday,,
29/05/2021,Saturday,,
29/05/2021,Saturday,,
29/05/2021,Saturday,,
29/05/2021,Saturday,,
29/05/2021,Saturday,,
29/05/2021,Saturday,,
29/05/2021,Saturday,,
29/05/2021,Saturday,,
29/05/2021,Saturday,,
29/05/2021,Saturday,,
29/05/2021,Saturday,,
29/05/2021,Saturday,,
29/05/2021,Saturday,,
29/05/2021,Saturday,,
29/05/2021,Saturday,,
29/05/2021,Saturday,,
29/05/2021,Saturday,,
29/05/2021,Saturday,,
29/05/2021,Saturday,,
29/05/2021,Saturday,,
29/05/2021,Saturday,,
30/05/2021,Sunday,,
30/05/2021,Sunday,,
30/05/2021,Sunday,,
30/05/2021,Sunday,,
30/05/2021,Sunday,,
30/05/2021,Sunday,,
30/05/2021,Sunday,,
30/05/2021,Sunday,,
30/05/2021,Sunday,,
30/05/2021,Sunday,,
30/05/2021,Sunday,,
30/05/2021,Sunday,,
30/05/2021,Sunday,,
30/05/2021,Sunday,,
30/05/2021,Sunday,,
30/05/2021,Sunday,,
30/05/2021,Sunday,,
30/05/2021,Sunday,,
30/05/2021,Sunday,,
30/05/2021,Sunday,,
30/05/2021,Sunday,,
30/05/2021,Sunday,,
30/05/2021,Sunday,,
30/05/2021,Sunday,,
30/05/2021,Sunday,,
30/05/2021,Sunday,,
30/05/2021,Sunday,,
30/05/2021,Sunday,,
30/05/2021,Sunday,,
30/05/2021,Sunday,,
30/05/2021,Sunday,,
30/05/2021,Sunday,,
30/05/2021,Sunday,,
30/05/2021,Sunday,,
30/05/2021,Sunday,,
30/05/2021,Sunday,,
30/05/2021,Sunday,,
30/05/2021,Sunday,,
30/05/2021,Sunday,,
30/05/2021,Sunday,,
30/05/2021,Sunday,,
30/05/2021,Sunday,,
30/05/2021,Sunday,,
30/05/2021,Sunday,,
30/05/2021,Sunday,,
30/05/2021,Sunday,,
30/05/2021,Sunday,,
30/05/2021,Sunday,,
30/05/2021,Sunday,,
30/05/2021,Sunday,,
30/05/2021,Sunday,,
30/05/2021,Sunday,,
30/05/2021,Sunday,,
30/05/2021,Sunday,,
30/05/2021,Sunday,,
30/05/2021,Sunday,,
30/05/2021,Sunday,,
30/05/2021,Sunday,,
30/05/2021,Sunday,,
30/05/2021,Sunday,,
30/05/2021,Sunday,,
30/05/2021,Sunday,,
30/05/2021,Sunday,,
30/05/2021,Sunday,,
30/05/2021,Sunday,,
30/05/2021,Sunday,,
30/05/2021,Sunday,,
30/05/2021,Sunday,,
30/05/2021,Sunday,,
30/05/2021,Sunday,,
30/05/2021,Sunday,,
30/05/2021,Sunday,,
30/05/2021,Sunday,,
30/05/2021,Sunday,,
30/05/2021,Sunday,,
30/05/2021,Sunday,,
30/05/2021,Sunday,,
30/05/2021,Sunday,,
30/05/2021,Sunday,,
30/05/2021,Sunday,,
30/05/2021,Sunday,,
30/05/2021,Sunday,,
30/05/2021,Sunday,,
30/05/2021,Sunday,,
30/05/2021,Sunday,,
30/05/2021,Sunday,,
30/05/2021,Sunday,,
30/05/2021,Sunday,,
30/05/2021,Sunday,,
30/05/2021,Sunday,,
30/05/2021,Sunday,,
30/05/2021,Sunday,,
30/05/2021,Sunday,,
30/05/2021,Sunday,,
30/05/2021,Sunday,,
30/05/2021,Sunday,,
31/05/2021,Monday,,
31/05/2021,Monday,,
31/05/2021,Monday,,
31/05/2021,Monday,,
31/05/2021,Monday,,7
31/05/2021,Monday,,4
31/05/2021,Monday,,0
31/05/2021,Monday,,0
31/05/2021,Monday,,4
31/05/2021,Monday,,2
31/05/2021,Monday,,4
31/05/2021,Monday,,2
31/05/2021,Monday,,0
31/05/2021,Monday,,0
31/05/2021,Monday,,3
31/05/2021,Monday,,7
31/05/2021,Monday,,4
31/05/2021,Monday,,2
31/05/2021,Monday,,2
31/05/2021,Monday,,4
31/05/2021,Monday,,5
31/05/2021,Monday,,4
31/05/2021,Monday,,12
31/05/2021,Monday,,14
31/05/2021,Monday,,15
31/05/2021,Monday,,32
31/05/2021,Monday,,18
31/05/2021,Monday,,22
31/05/2021,Monday,,25
31/05/2021,Monday,,45
31/05/2021,Monday,,49
31/05/2021,Monday,,59
31/05/2021,Monday,,96
31/05/2021,Monday,,130
31/05/2021,Monday,,169
31/05/2021,Monday,,195
31/05/2021,Monday,,209
31/05/2021,Monday,,204
31/05/2021,Monday,,178
31/05/2021,Monday,,162
31/05/2021,Monday,,148
31/05/2021,Monday,,159
31/05/2021,Monday,,197
31/05/2021,Monday,,189
31/05/2021,Monday,,209
31/05/2021,Monday,,188
31/05/2021,Monday,,213
31/05/2021,Monday,,201
31/05/2021,Monday,,227
31/05/2021,Monday,,240
31/05/2021,Monday,,224
31/05/2021,Monday,,245
31/05/2021,Monday,,246
31/05/2021,Monday,,204
31/05/2021,Monday,,220
31/05/2021,Monday,,226
31/05/2021,Monday,,206
31/05/2021,Monday,,247
31/05/2021,Monday,,239
31/05/2021,Monday,,197
31/05/2021,Monday,,213
31/05/2021,Monday,,214
31/05/2021,Monday,,249
31/05/2021,Monday,,173
31/05/2021,Monday,,202
31/05/2021,Monday,,187
31/05/2021,Monday,,143
31/05/2021,Monday,,142
31/05/2021,Monday,,139
31/05/2021,Monday,,139
31/05/2021,Monday,,116
31/05/2021,Monday,,102
31/05/2021,Monday,,141
31/05/2021,Monday,,102
31/05/2021,Monday,,111
31/05/2021,Monday,,92
31/05/2021,Monday,,87
31/05/2021,Monday,,74
31/05/2021,Monday,,71
31/05/2021,Monday,,72
31/05/2021,Monday,,72
31/05/2021,Monday,,68
31/05/2021,Monday,,61
31/05/2021,Monday,,58
31/05/2021,Monday,,47
31/05/2021,Monday,,34
31/05/2021,Monday,,39
31/05/2021,Monday,,27
31/05/2021,Monday,,28
31/05/2021,Monday,,21
31/05/2021,Monday,,19
31/05/2021,Monday,,11
31/05/2021,Monday,,14
31/05/2021,Monday,,16
31/05/2021,Monday,,11
31/05/2021,Monday,,6
01/05/2021,Saturday,,8
01/05/2021,Saturday,,12
01/05/2021,Saturday,,8
01/05/2021,Saturday,,4
01/05/2021,Saturday,,5
01/05/2021,Saturday,,6
01/05/2021,Saturday,,7
01/05/2021,Saturday,,7
01/05/2021,Saturday,,4
01/05/2021,Saturday,,5
01/05/2021,Saturday,,1
01/05/2021,Saturday,,4
01/05/2021,Saturday,,5
01/05/2021,Saturday,,5
01/05/2021,Saturday,,1
01/05/2021,Saturday,,0
01/05/2021,Saturday,,2
01/05/2021,Saturday,,2
01/05/2021,Saturday,,9
01/05/2021,Saturday,,6
01/05/2021,Saturday,,7
01/05/2021,Saturday,,10
01/05/2021,Saturday,,13
01/05/2021,Saturday,,31
01/05/2021,Saturday,,27
01/05/2021,Saturday,,22
01/05/2021,Saturday,,37
01/05/2021,Saturday,,40
01/05/2021,Saturday,,21
01/05/2021,Saturday,,27
01/05/2021,Saturday,,74
01/05/2021,Saturday,,57
01/05/2021,Saturday,,69
01/05/2021,Saturday,,
01/05/2021,Saturday,,
01/05/2021,Saturday,,
01/05/2021,Saturday,,
01/05/2021,Saturday,,
01/05/2021,Saturday,,
01/05/2021,Saturday,,
01/05/2021,Saturday,,
01/05/2021,Saturday,,
01/05/2021,Saturday,,
01/05/2021,Saturday,,
01/05/2021,Saturday,,
01/05/2021,Saturday,,
01/05/2021,Saturday,,
01/05/2021,Saturday,,
01/05/2021,Saturday,,
01/05/2021,Saturday,,
01/05/2021,Saturday,,
01/05/2021,Saturday,,
01/05/2021,Saturday,,
01/05/2021,Saturday,,
01/05/2021,Saturday,,
01/05/2021,Saturday,,
01/05/2021,Saturday,,
01/05/2021,Saturday,,
01/05/2021,Saturday,,
01/05/2021,Saturday,,
01/05/2021,Saturday,,
01/05/2021,Saturday,,
01/05/2021,Saturday,,
01/05/2021,Saturday,,
01/05/2021,Saturday,,
01/05/2021,Saturday,,
01/05/2021,Saturday,,
01/05/2021,Saturday,,
01/05/2021,Saturday,,
01/05/2021,Saturday,,
01/05/2021,Saturday,,
01/05/2021,Saturday,,
01/05/2021,Saturday,,
01/05/2021,Saturday,,
01/05/2021,Saturday,,
01/05/2021,Saturday,,
01/05/2021,Saturday,,
01/05/2021,Saturday,,
01/05/2021,Saturday,,
01/05/2021,Saturday,,
01/05/2021,Saturday,,
01/05/2021,Saturday,,
01/05/2021,Saturday,,
01/05/2021,Saturday,,
01/05/2021,Saturday,,
01/05/2021,Saturday,,
01/05/2021,Saturday,,
01/05/2021,Saturday,,
01/05/2021,Saturday,,
01/05/2021,Saturday,,
01/05/2021,Saturday,,
01/05/2021,Saturday,,
01/05/2021,Saturday,,
01/05/2021,Saturday,,
01/05/2021,Saturday,,
01/05/2021,Saturday,,
02/05/2021,Sunday,,
02/05/2021,Sunday,,
02/05/2021,Sunday,,
02/05/2021,Sunday,,
02/05/2021,Sunday,,
02/05/2021,Sunday,,
02/05/2021,Sunday,,
02/05/2021,Sunday,,
02/05/2021,Sunday,,
02/05/2021,Sunday,,
02/05/2021,Sunday,,
02/05/2021,Sunday,,
02/05/2021,Sunday,,
02/05/2021,Sunday,,
02/05/2021,Sunday,,
02/05/2021,Sunday,,
02/05/2021,Sunday,,
02/05/2021,Sunday,,
02/05/2021,Sunday,,
02/05/2021,Sunday,,
02/05/2021,Sunday,,
02/05/2021,Sunday,,
02/05/2021,Sunday,,
02/05/2021,Sunday,,
02/05/2021,Sunday,,
02/05/2021,Sunday,,
02/05/2021,Sunday,,
02/05/2021,Sunday,,
02/05/2021,Sunday,,
02/05/2021,Sunday,,
02/05/2021,Sunday,,
02/05/2021,Sunday,,
02/05/2021,Sunday,,
02/05/2021,Sunday,,
02/05/2021,Sunday,,
02/05/2021,Sunday,,
02/05/2021,Sunday,,
02/05/2021,Sunday,,
02/05/2021,Sunday,,
02/05/2021,Sunday,,
02/05/2021,Sunday,,
02/05/2021,Sunday,,
02/05/2021,Sunday,,
02/05/2021,Sunday,,
02/05/2021,Sunday,,
02/05/2021,Sunday,,
02/05/2021,Sunday,,
02/05/2021,Sunday,,
02/05/2021,Sunday,,
02/05/2021,Sunday,,
02/05/2021,Sunday,,
02/05/2021,Sunday,,
02/05/2021,Sunday,,
02/05/2021,Sunday,,
02/05/2021,Sunday,,
02/05/2021,Sunday,,
02/05/2021,Sunday,,
02/05/2021,Sunday,,
02/05/2021,Sunday,,
02/05/2021,Sunday,,
02/05/2021,Sunday,,
02/05/2021,Sunday,,
02/05/2021,Sunday,,
02/05/2021,Sunday,,
02/05/2021,Sunday,,
02/05/2021,Sunday,,
02/05/2021,Sunday,,
02/05/2021,Sunday,,
02/05/2021,Sunday,,
02/05/2021,Sunday,,
02/05/2021,Sunday,,
02/05/2021,Sunday,,
02/05/2021,Sunday,,
02/05/2021,Sunday,,
02/05/2021,Sunday,,
02/05/2021,Sunday,,
02/05/2021,Sunday,,
02/05/2021,Sunday,,
02/05/2021,Sunday,,
02/05/2021,Sunday,,
02/05/2021,Sunday,,
02/05/2021,Sunday,,
02/05/2021,Sunday,,
02/05/2021,Sunday,,
02/05/2021,Sunday,,
02/05/2021,Sunday,,
02/05/2021,Sunday,,
02/05/2021,Sunday,,
02/05/2021,Sunday,,
02/05/2021,Sunday,,
02/05/2021,Sunday,,
02/05/2021,Sunday,,
02/05/2021,Sunday,,
02/05/2021,Sunday,,
02/05/2021,Sunday,,
02/05/2021,Sunday,,
03/05/2021,Monday,,
03/05/2021,Monday,,
03/05/2021,Monday,,
03/05/2021,Monday,,
03/05/2021,Monday,,
03/05/2021,Monday,,
03/05/2021,Monday,,
03/05/2021,Monday,,
03/05/2021,Monday,,
03/05/2021,Monday,,
03/05/2021,Monday,,
03/05/2021,Monday,,
03/05/2021,Monday,,
03/05/2021,Monday,,
03/05/2021,Monday,,
03/05/2021,Monday,,
03/05/2021,Monday,,
03/05/2021,Monday,,
03/05/2021,Monday,,
03/05/2021,Monday,,
03/05/2021,Monday,,
03/05/2021,Monday,,
03/05/2021,Monday,,
03/05/2021,Monday,,
03/05/2021,Monday,,
03/05/2021,Monday,,
03/05/2021,Monday,,
03/05/2021,Monday,,
03/05/2021,Monday,,
03/05/2021,Monday,,
03/05/2021,Monday,,
03/05/2021,Monday,,
03/05/2021,Monday,,
03/05/2021,Monday,,
03/05/2021,Monday,,
03/05/2021,Monday,,
03/05/2021,Monday,,
03/05/2021,Monday,,
03/05/2021,Monday,,
03/05/2021,Monday,,136
03/05/2021,Monday,,157
03/05/2021,Monday,,167
03/05/2021,Monday,,149
03/05/2021,Monday,,211
03/05/2021,Monday,,152
03/05/2021,Monday,,190
03/05/2021,Monday,,175
03/05/2021,Monday,,217
03/05/2021,Monday,,181
03/05/2021,Monday,,171
03/05/2021,Monday,,199
03/05/2021,Monday,,176
03/05/2021,Monday,,166
03/05/2021,Monday,,136
03/05/2021,Monday,,153
03/05/2021,Monday,,159
03/05/2021,Monday,,146
03/05/2021,Monday,,168
03/05/2021,Monday,,138
03/05/2021,Monday,,162
03/05/2021,Monday,,123
03/05/2021,Monday,,130
03/05/2021,Monday,,126
03/05/2021,Monday,,131
03/05/2021,Monday,,127
03/05/2021,Monday,,117
03/05/2021,Monday,,135
03/05/2021,Monday,,88
03/05/2021,Monday,,73
03/05/2021,Monday,,109
03/05/2021,Monday,,94
03/05/2021,Monday,,74
03/05/2021,Monday,,92
03/05/2021,Monday,,59
03/05/2021,Monday,,69
03/05/2021,Monday,,66
03/05/2021,Monday,,46
03/05/2021,Monday,,40
03/05/2021,Monday,,45
03/05/2021,Monday,,42
03/05/2021,Monday,,33
03/05/2021,Monday,,28
03/05/2021,Monday,,35
03/05/2021,Monday,,29
03/05/2021,Monday,,14
03/05/2021,Monday,,20
03/05/2021,Monday,,20
03/05/2021,Monday,,14
03/05/2021,Monday,,7
03/05/2021,Monday,,15
03/05/2021,Monday,,7
03/05/2021,Monday,,8
03/05/2021,Monday,,10
03/05/2021,Monday,,5
03/05/2021,Monday,,2
03/05/2021,Monday,,5
04/05/2021,Tuesday,,2
04/05/2021,Tuesday,,6
04/05/2021,Tuesday,,8
04/05/2021,Tuesday,,1
04/05/2021,Tuesday,,3
04/05/2021,Tuesday,,1
04/05/2021,Tuesday,,4
04/05/2021,Tuesday,,2
04/05/2021,Tuesday,,1
04/05/2021,Tuesday,,2
04/05/2021,Tuesday,,6
04/05/2021,Tuesday,,4
04/05/2021,Tuesday,,1
04/05/2021,Tuesday,,1
04/05/2021,Tuesday,,1
04/05/2021,Tuesday,,3
04/05/2021,Tuesday,,2
04/05/2021,Tuesday,,3
04/05/2021,Tuesday,,10
04/05/2021,Tuesday,,9
04/05/2021,Tuesday,,6
04/05/2021,Tuesday,,18
04/05/2021,Tuesday,,28
04/05/2021,Tuesday,,24
04/05/2021,Tuesday,,45
04/05/2021,Tuesday,,44
04/05/2021,Tuesday,,56
04/05/2021,Tuesday,,70
04/05/2021,Tuesday,,74
04/05/2021,Tuesday,,110
04/05/2021,Tuesday,,179
04/05/2021,Tuesday,,178
04/05/2021,Tuesday,,185
04/05/2021,Tuesday,,164
04/05/2021,Tuesday,,142
04/05/2021,Tuesday,,148
04/05/2021,Tuesday,,151
04/05/2021,Tuesday,,115
04/05/2021,Tuesday,,116
04/05/2021,Tuesday,,129
04/05/2021,Tuesday,,107
04/05/2021,Tuesday,,130
04/05/2021,Tuesday,,121
04/05/2021,Tuesday,,103
04/05/2021,Tuesday,,123
04/05/2021,Tuesday,,131
04/05/2021,Tuesday,,118
04/05/2021,Tuesday,,88
04/05/2021,Tuesday,,116
04/05/2021,Tuesday,,115
04/05/2021,Tuesday,,108
04/05/2021,Tuesday,,121
04/05/2021,Tuesday,,102
04/05/2021,Tuesday,,105
04/05/2021,Tuesday,,94
04/05/2021,Tuesday,,122
04/05/2021,Tuesday,,112
04/05/2021,Tuesday,,108
04/05/2021,Tuesday,,100
04/05/2021,Tuesday,,156
04/05/2021,Tuesday,,137
04/05/2021,Tuesday,,146
04/05/2021,Tuesday,,106
04/05/2021,Tuesday,,158
04/05/2021,Tuesday,,136
04/05/2021,Tuesday,,156
04/05/2021,Tuesday,,141
04/05/2021,Tuesday,,
04/05/2021,Tuesday,,
04/05/2021,Tuesday,,
04/05/2021,Tuesday,,
04/05/2021,Tuesday,,
04/05/2021,Tuesday,,
04/05/2021,Tuesday,,
04/05/2021,Tuesday,,
04/05/2021,Tuesday,,
04/05/2021,Tuesday,,
04/05/2021,Tuesday,,
04/05/2021,Tuesday,,
04/05/2021,Tuesday,,
04/05/2021,Tuesday,,
04/05/2021,Tuesday,,
04/05/2021,Tuesday,,
04/05/2021,Tuesday,,
04/05/2021,Tuesday,,
04/05/2021,Tuesday,,
04/05/2021,Tuesday,,
04/05/2021,Tuesday,,
04/05/2021,Tuesday,,
04/05/2021,Tuesday,,
04/05/2021,Tuesday,,
04/05/2021,Tuesday,,
04/05/2021,Tuesday,,
04/05/2021,Tuesday,,
04/05/2021,Tuesday,,
04/05/2021,Tuesday,,
05/05/2021,Wednesday,,
05/05/2021,Wednesday,,
05/05/2021,Wednesday,,
05/05/2021,Wednesday,,
05/05/2021,Wednesday,,1
05/05/2021,Wednesday,,1
05/05/2021,Wednesday,,4
05/05/2021,Wednesday,,6
05/05/2021,Wednesday,,3
05/05/2021,Wednesday,,1
05/05/2021,Wednesday,,7
05/05/2021,Wednesday,,5
05/05/2021,Wednesday,,6
05/05/2021,Wednesday,,4
05/05/2021,Wednesday,,6
05/05/2021,Wednesday,,2
05/05/2021,Wednesday,,4
05/05/2021,Wednesday,,5
05/05/2021,Wednesday,,7
05/05/2021,Wednesday,,13
05/05/2021,Wednesday,,10
05/05/2021,Wednesday,,16
05/05/2021,Wednesday,,20
05/05/2021,Wednesday,,27
05/05/2021,Wednesday,,46
05/05/2021,Wednesday,,57
05/05/2021,Wednesday,,41
05/05/2021,Wednesday,,64
05/05/2021,Wednesday,,96
05/05/2021,Wednesday,,94
05/05/2021,Wednesday,,172
05/05/2021,Wednesday,,168
05/05/2021,Wednesday,,144
05/05/2021,Wednesday,,194
05/05/2021,Wednesday,,148
05/05/2021,Wednesday,,129
05/05/2021,Wednesday,,132
05/05/2021,Wednesday,,145
05/05/2021,Wednesday,,127
05/05/2021,Wednesday,,139
05/05/2021,Wednesday,,124
05/05/2021,Wednesday,,155
05/05/2021,Wednesday,,130
05/05/2021,Wednesday,,144
05/05/2021,Wednesday,,147
05/05/2021,Wednesday,,131
05/05/2021,Wednesday,,149
05/05/2021,Wednesday,,161
05/05/2021,Wednesday,,164
05/05/2021,Wednesday,,126
05/05/2021,Wednesday,,119
05/05/2021,Wednesday,,87
05/05/2021,Wednesday,,121
05/05/2021,Wednesday,,157
05/05/2021,Wednesday,,117
05/05/2021,Wednesday,,120
05/05/2021,Wednesday,,127
05/05/2021,Wednesday,,125
05/05/2021,Wednesday,,153
05/05/2021,Wednesday,,123
05/05/2021,Wednesday,,118
05/05/2021,Wednesday,,146
05/05/2021,Wednesday,,120
05/05/2021,Wednesday,,120
05/05/2021,Wednesday,,188
05/05/2021,Wednesday,,159
05/05/2021,Wednesday,,162
05/05/2021,Wednesday,,192
05/05/2021,Wednesday,,156
05/05/2021,Wednesday,,123
05/05/2021,Wednesday,,161
05/05/2021,Wednesday,,176
05/05/2021,Wednesday,,151
05/05/2021,Wednesday,,142
05/05/2021,Wednesday,,118
05/05/2021,Wednesday,,74
05/05/2021,Wednesday,,70
05/05/2021,Wednesday,,57
05/05/2021,Wednesday,,65
05/05/2021,Wednesday,,39
05/05/2021,Wednesday,,30
05/05/2021,Wednesday,,48
05/05/2021,Wednesday,,41
05/05/2021,Wednesday,,39
05/05/2021,Wednesday,,30
05/05/2021,Wednesday,,27
05/05/2021,Wednesday,,19
05/05/2021,Wednesday,,16
05/05/2021,Wednesday,,34
05/05/2021,Wednesday,,22
05/05/2021,Wednesday,,11
05/05/2021,Wednesday,,10
05/05/2021,Wednesday,,9
05/05/2021,Wednesday,,7
05/05/2021,Wednesday,,5
05/05/2021,Wednesday,,4
06/05/2021,Thursday,,10
06/05/2021,Thursday,,5
06/05/2021,Thursday,,6
06/05/2021,Thursday,,7
06/05/2021,Thursday,,3
06/05/2021,Thursday,,1
06/05/2021,Thursday,,0
06/05/2021,Thursday,,3
06/05/2021,Thursday,,4
06/05/2021,Thursday,,1
06/05/2021,Thursday,,5
06/05/2021,Thursday,,4
06/05/2021,Thursday,,5
06/05/2021,Thursday,,5
06/05/2021,Thursday,,5
06/05/2021,Thursday,,3
06/05/2021,Thursday,,6
06/05/2021,Thursday,,5
06/05/2021,Thursday,,7
06/05/2021,Thursday,,8
06/05/2021,Thursday,,3
06/05/2021,Thursday,,19
06/05/2021,Thursday,,22
06/05/2021,Thursday,,44
06/05/2021,Thursday,,42
06/05/2021,Thursday,,57
06/05/2021,Thursday,,62
06/05/2021,Thursday,,65
06/05/2021,Thursday,,84
06/05/2021,Thursday,,100
06/05/2021,Thursday,,147
06/05/2021,Thursday,,170
06/05/2021,Thursday,,131
06/05/2021,Thursday,,181
06/05/2021,Thursday,,136
06/05/2021,Thursday,,146
06/05/2021,Thursday,,133
06/05/2021,Thursday,,146
06/05/2021,Thursday,,133
06/05/2021,Thursday,,139
06/05/2021,Thursday,,152
06/05/2021,Thursday,,130
06/05/2021,Thursday,,150
06/05/2021,Thursday,,144
06/05/2021,Thursday,,159
06/05/2021,Thursday,,145
06/05/2021,Thursday,,156
06/05/2021,Thursday,,137
06/05/2021,Thursday,,152
06/05/2021,Thursday,,123
06/05/2021,Thursday,,119
06/05/2021,Thursday,,101
06/05/2021,Thursday,,115
06/05/2021,Thursday,,124
06/05/2021,Thursday,,121
06/05/2021,Thursday,,126
06/05/2021,Thursday,,99
06/05/2021,Thursday,,121
06/05/2021,Thursday,,140
06/05/2021,Thursday,,155
06/05/2021,Thursday,,131
06/05/2021,Thursday,,176
06/05/2021,Thursday,,125
06/05/2021,Thursday,,91
06/05/2021,Thursday,,200
06/05/2021,Thursday,,136
06/05/2021,Thursday,,144
06/05/2021,Thursday,,158
06/05/2021,Thursday,,192
06/05/2021,Thursday,,158
06/05/2021,Thursday,,169
06/05/2021,Thursday,,139
06/05/2021,Thursday,,157
06/05/2021,Thursday,,141
06/05/2021,Thursday,,132
06/05/2021,Thursday,,121
06/05/2021,Thursday,,70
06/05/2021,Thursday,,74
06/05/2021,Thursday,,57
06/05/2021,Thursday,,61
06/05/2021,Thursday,,41
06/05/2021,Thursday,,37
06/05/2021,Thursday,,50
06/05/2021,Thursday,,33
06/05/2021,Thursday,,28
06/05/2021,Thursday,,39
06/05/2021,Thursday,,22
06/05/2021,Thursday,,36
06/05/2021,Thursday,,28
06/05/2021,Thursday,,22
06/05/2021,Thursday,,25
06/05/2021,Thursday,,15
06/05/2021,Thursday,,13
06/05/2021,Thursday,,8
06/05/2021,Thursday,,7
06/05/2021,Thursday,,9
07/05/2021,Friday,,15
07/05/2021,Friday,,5
07/05/2021,Friday,,4
07/05/2021,Friday,,3
07/05/2021,Friday,,10
07/05/2021,Friday,,5
07/05/2021,Friday,,5
07/05/2021,Friday,,4
07/05/2021,Friday,,9
07/05/2021,Friday,,10
07/05/2021,Friday,,5
07/05/2021,Friday,,7
07/05/2021,Friday,,5
07/05/2021,Friday,,5
07/05/2021,Friday,,5
07/05/2021,Friday,,2
07/05/2021,Friday,,5
07/05/2021,Friday,,4
07/05/2021,Friday,,13
07/05/2021,Friday,,14
07/05/2021,Friday,,8
07/05/2021,Friday,,18
07/05/2021,Friday,,24
07/05/2021,Friday,,24
07/05/2021,Friday,,31
07/05/2021,Friday,,42
07/05/2021,Friday,,53
07/05/2021,Friday,,82
07/05/2021,Friday,,76
07/05/2021,Friday,,125
07/05/2021,Friday,,129
07/05/2021,Friday,,159
07/05/2021,Friday,,150
07/05/2021,Friday,,133
07/05/2021,Friday,,138
07/05/2021,Friday,,189
07/05/2021,Friday,,132
07/05/2021,Friday,,112
07/05/2021,Friday,,133
07/05/2021,Friday,,152
07/05/2021,Friday,,122
07/05/2021,Friday,,167
07/05/2021,Friday,,155
07/05/2021,Friday,,157
07/05/2021,Friday,,150
07/05/2021,Friday,,173
07/05/2021,Friday,,166
07/05/2021,Friday,,186
07/05/2021,Friday,,153
07/05/2021,Friday,,167
07/05/2021,Friday,,177
07/05/2021,Friday,,170
07/05/2021,Friday,,152
07/05/2021,Friday,,147
07/05/2021,Friday,,171
07/05/2021,Friday,,141
07/05/2021,Friday,,174
07/05/2021,Friday,,157
07/05/2021,Friday,,217
07/05/2021,Friday,,185
07/05/2021,Friday,,164
07/05/2021,Friday,,162
07/05/2021,Friday,,195
07/05/2021,Friday,,173
07/05/2021,Friday,,202
07/05/2021,Friday,,196
07/05/2021,Friday,,201
07/05/2021,Friday,,192
07/05/2021,Friday,,215
07/05/2021,Friday,,215
07/05/2021,Friday,,219
07/05/2021,Friday,,186
07/05/2021,Friday,,174
07/05/2021,Friday,,178
07/05/2021,Friday,,184
07/05/2021,Friday,,181
07/05/2021,Friday,,151
07/05/2021,Friday,,105
07/05/2021,Friday,,114
07/05/2021,Friday,,103
07/05/2021,Friday,,89
07/05/2021,Friday,,86
07/05/2021,Friday,,70
07/05/2021,Friday,,55
07/05/2021,Friday,,68
07/05/2021,Friday,,50
07/05/2021,Friday,,40
07/05/2021,Friday,,44
07/05/2021,Friday,,22
07/05/2021,Friday,,26
07/05/2021,Friday,,21
07/05/2021,Friday,,12
07/05/2021,Friday,,10
07/05/2021,Friday,,15
07/05/2021,Friday,,14
07/05/2021,Friday,,14
08/05/2021,Saturday,,3
08/05/2021,Saturday,,11
08/05/2021,Saturday,,10
08/05/2021,Saturday,,9
08/05/2021,Saturday,,6
08/05/2021,Saturday,,2
08/05/2021,Saturday,,3
08/05/2021,Saturday,,4
08/05/2021,Saturday,,1
08/05/2021,Saturday,,5
08/05/2021,Saturday,,4
08/05/2021,Saturday,,4
08/05/2021,Saturday,,3
08/05/2021,Saturday,,1
08/05/2021,Saturday,,0
08/05/2021,Saturday,,4
08/05/2021,Saturday,,3
08/05/2021,Saturday,,3
08/05/2021,Saturday,,3
08/05/2021,Saturday,,4
08/05/2021,Saturday,,8
08/05/2021,Saturday,,14
08/05/2021,Saturday,,17
08/05/2021,Saturday,,21
08/05/2021,Saturday,,17
08/05/2021,Saturday,,31
08/05/2021,Saturday,,41
08/05/2021,Saturday,,26
08/05/2021,Saturday,,30
08/05/2021,Saturday,,44
08/05/2021,Saturday,,27
08/05/2021,Saturday,,51
08/05/2021,Saturday,,66
08/05/2021,Saturday,,67
08/05/2021,Saturday,,67
08/05/2021,Saturday,,62
08/05/2021,Saturday,,77
08/05/2021,Saturday,,76
08/05/2021,Saturday,,108
08/05/2021,Saturday,,110
08/05/2021,Saturday,,101
08/05/2021,Saturday,,110
08/05/2021,Saturday,,101
08/05/2021,Saturday,,121
08/05/2021,Saturday,,135
08/05/2021,Saturday,,131
08/05/2021,Saturday,,119
08/05/2021,Saturday,,131
08/05/2021,Saturday,,137
08/05/2021,Saturday,,132
08/05/2021,Saturday,,136
08/05/2021,Saturday,,132
08/05/2021,Saturday,,118
08/05/2021,Saturday,,145
08/05/2021,Saturday,,135
08/05/2021,Saturday,,112
08/05/2021,Saturday,,130
08/05/2021,Saturday,,151
08/05/2021,Saturday,,105
08/05/2021,Saturday,,129
08/05/2021,Saturday,,109
08/05/2021,Saturday,,136
08/05/2021,Saturday,,119
08/05/2021,Saturday,,108
08/05/2021,Saturday,,113
08/05/2021,Saturday,,117
08/05/2021,Saturday,,95
08/05/2021,Saturday,,125
08/05/2021,Saturday,,87
08/05/2021,Saturday,,103
08/05/2021,Saturday,,94
08/05/2021,Saturday,,100
08/05/2021,Saturday,,91
08/05/2021,Saturday,,87
08/05/2021,Saturday,,107
08/05/2021,Saturday,,55
08/05/2021,Saturday,,78
08/05/2021,Saturday,,51
08/05/2021,Saturday,,58
08/05/2021,Saturday,,41
08/05/2021,Saturday,,44
08/05/2021,Saturday,,36
08/05/2021,Saturday,,38
08/05/2021,Saturday,,27
08/05/2021,Saturday,,27
08/05/2021,Saturday,,25
08/05/2021,Saturday,,26
08/05/2021,Saturday,,16
08/05/2021,Saturday,,21
08/05/2021,Saturday,,13
08/05/2021,Saturday,,20
08/05/2021,Saturday,,17
08/05/2021,Saturday,,14
08/05/2021,Saturday,,11
08/05/2021,Saturday,,5
08/05/2021,Saturday,,9
09/05/2021,Sunday,,9
09/05/2021,Sunday,,4
09/05/2021,Sunday,,6
09/05/2021,Sunday,,4
09/05/2021,Sunday,,7
09/05/2021,Sunday,,3
09/05/2021,Sunday,,11
09/05/2021,Sunday,,4
09/05/2021,Sunday,,4
09/05/2021,Sunday,,2
09/05/2021,Sunday,,1
09/05/2021,Sunday,,4
09/05/2021,Sunday,,2
09/05/2021,Sunday,,0
09/05/2021,Sunday,,1
09/05/2021,Sunday,,1
09/05/2021,Sunday,,2
09/05/2021,Sunday,,2
09/05/2021,Sunday,,8
09/05/2021,Sunday,,3
09/05/2021,Sunday,,4
09/05/2021,Sunday,,9
09/05/2021,Sunday,,12
09/05/2021,Sunday,,7
09/05/2021,Sunday,,8
09/05/2021,Sunday,,18
09/05/2021,Sunday,,18
09/05/2021,Sunday,,13
09/05/2021,Sunday,,15
09/05/2021,Sunday,,23
09/05/2021,Sunday,,25
09/05/2021,Sunday,,23
09/05/2021,Sunday,,31
09/05/2021,Sunday,,24
09/05/2021,Sunday,,50
09/05/2021,Sunday,,63
09/05/2021,Sunday,,55
09/05/2021,Sunday,,87
09/05/2021,Sunday,,95
09/05/2021,Sunday,,109
09/05/2021,Sunday,,126
09/05/2021,Sunday,,128
09/05/2021,Sunday,,142
09/05/2021,Sunday,,183
09/05/2021,Sunday,,169
09/05/2021,Sunday,,175
09/05/2021,Sunday,,182
09/05/2021,Sunday,,211
09/05/2021,Sunday,,209
09/05/2021,Sunday,,195
09/05/2021,Sunday,,161
09/05/2021,Sunday,,195
09/05/2021,Sunday,,161
09/05/2021,Sunday,,165
09/05/2021,Sunday,,153
09/05/2021,Sunday,,171
09/05/2021,Sunday,,153
09/05/2021,Sunday,,127
09/05/2021,Sunday,,148
09/05/2021,Sunday,,131
09/05/2021,Sunday,,135
09/05/2021,Sunday,,120
09/05/2021,Sunday,,127
09/05/2021,Sunday,,131
09/05/2021,Sunday,,97
09/05/2021,Sunday,,131
09/05/2021,Sunday,,106
09/05/2021,Sunday,,103
09/05/2021,Sunday,,103
09/05/2021,Sunday,,97
09/05/2021,Sunday,,79
09/05/2021,Sunday,,87
09/05/2021,Sunday,,108
09/05/2021,Sunday,,76
09/05/2021,Sunday,,76
09/05/2021,Sunday,,90
09/05/2021,Sunday,,48
09/05/2021,Sunday,,63
09/05/2021,Sunday,,44
09/05/2021,Sunday,,28
09/05/2021,Sunday,,39
09/05/2021,Sunday,,41
09/05/2021,Sunday,,49
09/05/2021,Sunday,,24
09/05/2021,Sunday,,40
09/05/2021,Sunday,,29
09/05/2021,Sunday,,26
09/05/2021,Sunday,,20
09/05/2021,Sunday,,16
09/05/2021,Sunday,,20
09/05/2021,Sunday,,12
09/05/2021,Sunday,,10
09/05/2021,Sunday,,12
09/05/2021,Sunday,,5
09/05/2021,Sunday,,5
09/05/2021,Sunday,,10
10/05/2021,Monday,,4
10/05/2021,Monday,,7
10/05/2021,Monday,,10
10/05/2021,Monday,,2
10/05/2021,Monday,,2
10/05/2021,Monday,,3
10/05/2021,Monday,,4
10/05/2021,Monday,,3
10/05/2021,Monday,,1
10/05/2021,Monday,,2
10/05/2021,Monday,,1
10/05/2021,Monday,,2
10/05/2021,Monday,,3
10/05/2021,Monday,,1
10/05/2021,Monday,,3
10/05/2021,Monday,,3
10/05/2021,Monday,,6
10/05/2021,Monday,,6
10/05/2021,Monday,,9
10/05/2021,Monday,,9
10/05/2021,Monday,,5
10/05/2021,Monday,,13
10/05/2021,Monday,,23
10/05/2021,Monday,,28
10/05/2021,Monday,,33
10/05/2021,Monday,,34
10/05/2021,Monday,,41
10/05/2021,Monday,,76
10/05/2021,Monday,,100
10/05/2021,Monday,,121
10/05/2021,Monday,,142
10/05/2021,Monday,,169
10/05/2021,Monday,,158
10/05/2021,Monday,,190
10/05/2021,Monday,,150
10/05/2021,Monday,,129
10/05/2021,Monday,,163
10/05/2021,Monday,,111
10/05/2021,Monday,,137
10/05/2021,Monday,,131
10/05/2021,Monday,,122
10/05/2021,Monday,,136
10/05/2021,Monday,,170
10/05/2021,Monday,,135
10/05/2021,Monday,,143
10/05/2021,Monday,,180
10/05/2021,Monday,,145
10/05/2021,Monday,,154
10/05/2021,Monday,,155
10/05/2021,Monday,,139
10/05/2021,Monday,,149
10/05/2021,Monday,,138
10/05/2021,Monday,,155
10/05/2021,Monday,,125
10/05/2021,Monday,,146
10/05/2021,Monday,,148
10/05/2021,Monday,,159
10/05/2021,Monday,,158
10/05/2021,Monday,,195
10/05/2021,Monday,,151
10/05/2021,Monday,,130
10/05/2021,Monday,,159
10/05/2021,Monday,,166
10/05/2021,Monday,,162
10/05/2021,Monday,,199
10/05/2021,Monday,,180
10/05/2021,Monday,,170
10/05/2021,Monday,,179
10/05/2021,Monday,,137
10/05/2021,Monday,,144
10/05/2021,Monday,,151
10/05/2021,Monday,,137
10/05/2021,Monday,,138
10/05/2021,Monday,,140
10/05/2021,Monday,,104
10/05/2021,Monday,,83
10/05/2021,Monday,,62
10/05/2021,Monday,,52
10/05/2021,Monday,,63
10/05/2021,Monday,,51
10/05/2021,Monday,,46
10/05/2021,Monday,,47
10/05/2021,Monday,,38
10/05/2021,Monday,,35
10/05/2021,Monday,,31
10/05/2021,Monday,,26
10/05/2021,Monday,,18
10/05/2021,Monday,,21
10/05/2021,Monday,,25
10/05/2021,Monday,,22
10/05/2021,Monday,,23
10/05/2021,Monday,,10
10/05/2021,Monday,,11
10/05/2021,Monday,,4
10/05/2021,Monday,,3
10/05/2021,Monday,,5
11/05/2021,Tuesday,,3
11/05/2021,Tuesday,,6
11/05/2021,Tuesday,,7
11/05/2021,Tuesday,,8
11/05/2021,Tuesday,,4
11/05/2021,Tuesday,,4
11/05/2021,Tuesday,,2
11/05/2021,Tuesday,,2
11/05/2021,Tuesday,,7
11/05/2021,Tuesday,,5
11/05/2021,Tuesday,,4
11/05/2021,Tuesday,,2
11/05/2021,Tuesday,,2
11/05/2021,Tuesday,,6
11/05/2021,Tuesday,,6
11/05/2021,Tuesday,,3
11/05/2021,Tuesday,,9
11/05/2021,Tuesday,,5
11/05/2021,Tuesday,,14
11/05/2021,Tuesday,,8
11/05/2021,Tuesday,,7
11/05/2021,Tuesday,,16
11/05/2021,Tuesday,,16
11/05/2021,Tuesday,,24
11/05/2021,Tuesday,,48
11/05/2021,Tuesday,,31
11/05/2021,Tuesday,,64
11/05/2021,Tuesday,,64
11/05/2021,Tuesday,,70
11/05/2021,Tuesday,,126
11/05/2021,Tuesday,,136
11/05/2021,Tuesday,,155
11/05/2021,Tuesday,,180
11/05/2021,Tuesday,,145
11/05/2021,Tuesday,,148
11/05/2021,Tuesday,,147
11/05/2021,Tuesday,,152
11/05/2021,Tuesday,,141
11/05/2021,Tuesday,,147
11/05/2021,Tuesday,,169
11/05/2021,Tuesday,,125
11/05/2021,Tuesday,,143
11/05/2021,Tuesday,,155
11/05/2021,Tuesday,,139
11/05/2021,Tuesday,,125
11/05/2021,Tuesday,,131
11/05/2021,Tuesday,,128
11/05/2021,Tuesday,,144
11/05/2021,Tuesday,,124
11/05/2021,Tuesday,,130
11/05/2021,Tuesday,,111
11/05/2021,Tuesday,,123
11/05/2021,Tuesday,,122
11/05/2021,Tuesday,,120
11/05/2021,Tuesday,,115
11/05/2021,Tuesday,,101
11/05/2021,Tuesday,,129
11/05/2021,Tuesday,,133
11/05/2021,Tuesday,,127
11/05/2021,Tuesday,,116
11/05/2021,Tuesday,,132
11/05/2021,Tuesday,,139
11/05/2021,Tuesday,,130
11/05/2021,Tuesday,,129
11/05/2021,Tuesday,,169
11/05/2021,Tuesday,,170
11/05/2021,Tuesday,,129
11/05/2021,Tuesday,,168
11/05/2021,Tuesday,,151
11/05/2021,Tuesday,,156
11/05/2021,Tuesday,,179
11/05/2021,Tuesday,,135
11/05/2021,Tuesday,,112
11/05/2021,Tuesday,,159
11/05/2021,Tuesday,,100
11/05/2021,Tuesday,,66
11/05/2021,Tuesday,,74
11/05/2021,Tuesday,,47
11/05/2021,Tuesday,,68
11/05/2021,Tuesday,,46
11/05/2021,Tuesday,,46
11/05/2021,Tuesday,,45
11/05/2021,Tuesday,,35
11/05/2021,Tuesday,,44
11/05/2021,Tuesday,,19
11/05/2021,Tuesday,,31
11/05/2021,Tuesday,,22
11/05/2021,Tuesday,,18
11/05/2021,Tuesday,,22
11/05/2021,Tuesday,,17
11/05/2021,Tuesday,,34
11/05/2021,Tuesday,,14
11/05/2021,Tuesday,,14
11/05/2021,Tuesday,,6
11/05/2021,Tuesday,,8
11/05/2021,Tuesday,,3
12/05/2021,Wednesday,,2
12/05/2021,Wednesday,,3
12/05/2021,Wednesday,,3
12/05/2021,Wednesday,,6
12/05/2021,Wednesday,,9
12/05/2021,Wednesday,,2
12/05/2021,Wednesday,,2
12/05/2021,Wednesday,,2
12/05/2021,Wednesday,,7
12/05/2021,Wednesday,,6
12/05/2021,Wednesday,,2
12/05/2021,Wednesday,,3
12/05/2021,Wednesday,,2
12/05/2021,Wednesday,,5
12/05/2021,Wednesday,,4
12/05/2021,Wednesday,,3
12/05/2021,Wednesday,,7
12/05/2021,Wednesday,,7
12/05/2021,Wednesday,,8
12/05/2021,Wednesday,,8
12/05/2021,Wednesday,,8
12/05/2021,Wednesday,,17
12/05/2021,Wednesday,,31
12/05/2021,Wednesday,,30
12/05/2021,Wednesday,,45
12/05/2021,Wednesday,,39
12/05/2021,Wednesday,,65
12/05/2021,Wednesday,,73
12/05/2021,Wednesday,,91
12/05/2021,Wednesday,,144
12/05/2021,Wednesday,,136
12/05/2021,Wednesday,,146
12/05/2021,Wednesday,,195
12/05/2021,Wednesday,,148
12/05/2021,Wednesday,,156
12/05/2021,Wednesday,,144
12/05/2021,Wednesday,,144
12/05/2021,Wednesday,,149
12/05/2021,Wednesday,,131
12/05/2021,Wednesday,,156
12/05/2021,Wednesday,,144
12/05/2021,Wednesday,,158
12/05/2021,Wednesday,,184
12/05/2021,Wednesday,,164
12/05/2021,Wednesday,,155
12/05/2021,Wednesday,,159
12/05/2021,Wednesday,,174
12/05/2021,Wednesday,,151
12/05/2021,Wednesday,,169
12/05/2021,Wednesday,,170
12/05/2021,Wednesday,,120
12/05/2021,Wednesday,,120
12/05/2021,Wednesday,,114
12/05/2021,Wednesday,,111
12/05/2021,Wednesday,,103
12/05/2021,Wednesday,,118
12/05/2021,Wednesday,,113
12/05/2021,Wednesday,,140
12/05/2021,Wednesday,,137
12/05/2021,Wednesday,,88
12/05/2021,Wednesday,,116
12/05/2021,Wednesday,,153
12/05/2021,Wednesday,,158
12/05/2021,Wednesday,,132
12/05/2021,Wednesday,,160
12/05/2021,Wednesday,,166
12/05/2021,Wednesday,,154
12/05/2021,Wednesday,,161
12/05/2021,Wednesday,,152
12/05/2021,Wednesday,,162
12/05/2021,Wednesday,,165
12/05/2021,Wednesday,,141
12/05/2021,Wednesday,,119
12/05/2021,Wednesday,,127
12/05/2021,Wednesday,,109
12/05/2021,Wednesday,,106
12/05/2021,Wednesday,,84
12/05/2021,Wednesday,,57
12/05/2021,Wednesday,,74
12/05/2021,Wednesday,,64
12/05/2021,Wednesday,,53
12/05/2021,Wednesday,,51
12/05/2021,Wednesday,,48
12/05/2021,Wednesday,,34
12/05/2021,Wednesday,,28
12/05/2021,Wednesday,,33
12/05/2021,Wednesday,,29
12/05/2021,Wednesday,,29
12/05/2021,Wednesday,,36
12/05/2021,Wednesday,,26
12/05/2021,Wednesday,,24
12/05/2021,Wednesday,,14
12/05/2021,Wednesday,,10
12/05/2021,Wednesday,,14
12/05/2021,Wednesday,,10
12/05/2021,Wednesday,,9
13/05/2021,Thursday,,5
13/05/2021,Thursday,,5
13/05/2021,Thursday,,7
13/05/2021,Thursday,,4
13/05/2021,Thursday,,8
13/05/2021,Thursday,,1
13/05/2021,Thursday,,5
13/05/2021,Thursday,,2
13/05/2021,Thursday,,2
13/05/2021,Thursday,,1
13/05/2021,Thursday,,4
13/05/2021,Thursday,,9
13/05/2021,Thursday,,3
13/05/2021,Thursday,,1
13/05/2021,Thursday,,4
13/05/2021,Thursday,,4
13/05/2021,Thursday,,4
13/05/2021,Thursday,,11
13/05/2021,Thursday,,6
13/05/2021,Thursday,,7
13/05/2021,Thursday,,8
13/05/2021,Thursday,,21
13/05/2021,Thursday,,20
13/05/2021,Thursday,,20
13/05/2021,Thursday,,61
13/05/2021,Thursday,,53
13/05/2021,Thursday,,57
13/05/2021,Thursday,,70
13/05/2021,Thursday,,94
13/05/2021,Thursday,,128
13/05/2021,Thursday,,140
13/05/2021,Thursday,,159
13/05/2021,Thursday,,157
13/05/2021,Thursday,,185
13/05/2021,Thursday,,146
13/05/2021,Thursday,,174
13/05/2021,Thursday,,119
13/05/2021,Thursday,,147
13/05/2021,Thursday,,144
13/05/2021,Thursday,,134
13/05/2021,Thursday,,140
13/05/2021,Thursday,,165
13/05/2021,Thursday,,152
13/05/2021,Thursday,,158
13/05/2021,Thursday,,137
13/05/2021,Thursday,,167
13/05/2021,Thursday,,140
13/05/2021,Thursday,,162
13/05/2021,Thursday,,126
13/05/2021,Thursday,,139
13/05/2021,Thursday,,158
13/05/2021,Thursday,,149
13/05/2021,Thursday,,121
13/05/2021,Thursday,,119
13/05/2021,Thursday,,163
13/05/2021,Thursday,,109
13/05/2021,Thursday,,148
13/05/2021,Thursday,,119
13/05/2021,Thursday,,168
13/05/2021,Thursday,,147
13/05/2021,Thursday,,123
13/05/2021,Thursday,,138
13/05/2021,Thursday,,132
13/05/2021,Thursday,,168
13/05/2021,Thursday,,146
13/05/2021,Thursday,,182
13/05/2021,Thursday,,161
13/05/2021,Thursday,,170
13/05/2021,Thursday,,169
13/05/2021,Thursday,,185
13/05/2021,Thursday,,167
13/05/2021,Thursday,,74
13/05/2021,Thursday,,89
13/05/2021,Thursday,,71
13/05/2021,Thursday,,51
13/05/2021,Thursday,,34
13/05/2021,Thursday,,56
13/05/2021,Thursday,,57
13/05/2021,Thursday,,34
13/05/2021,Thursday,,30
13/05/2021,Thursday,,37
13/05/2021,Thursday,,19
13/05/2021,Thursday,,23
13/05/2021,Thursday,,19
13/05/2021,Thursday,,29
13/05/2021,Thursday,,16
13/05/2021,Thursday,,17
13/05/2021,Thursday,,7
13/05/2021,Thursday,,9
13/05/2021,Thursday,,14
13/05/2021,Thursday,,14
13/05/2021,Thursday,,13
13/05/2021,Thursday,,4
13/05/2021,Thursday,,12
13/05/2021,Thursday,,9
13/05/2021,Thursday,,9
14/05/2021,Friday,,10
14/05/2021,Friday,,4
14/05/2021,Friday,,5
14/05/2021,Friday,,10
14/05/2021,Friday,,4
14/05/2021,Friday,,4
14/05/2021,Friday,,7
14/05/2021,Friday,,4
14/05/2021,Friday,,6
14/05/2021,Friday,,0
14/05/2021,Friday,,4
14/05/2021,Friday,,2
14/05/2021,Friday,,3
14/05/2021,Friday,,12
14/05/2021,Friday,,1
14/05/2021,Friday,,7
14/05/2021,Friday,,6
14/05/2021,Friday,,8
14/05/2021,Friday,,11
14/05/2021,Friday,,7
14/05/2021,Friday,,11
14/05/2021,Friday,,18
14/05/2021,Friday,,23
14/05/2021,Friday,,24
14/05/2021,Friday,,36
14/05/2021,Friday,,51
14/05/2021,Friday,,57
14/05/2021,Friday,,61
14/05/2021,Friday,,84
14/05/2021,Friday,,128
14/05/2021,Friday,,134
14/05/2021,Friday,,188
14/05/2021,Friday,,156
14/05/2021,Friday,,153
14/05/2021,Friday,,169
14/05/2021,Friday,,144
14/05/2021,Friday,,149
14/05/2021,Friday,,107
14/05/2021,Friday,,134
14/05/2021,Friday,,136
14/05/2021,Friday,,111
14/05/2021,Friday,,141
14/05/2021,Friday,,136
14/05/2021,Friday,,140
14/05/2021,Friday,,135
14/05/2021,Friday,,143
14/05/2021,Friday,,136
14/05/2021,Friday,,181
14/05/2021,Friday,,179
14/05/2021,Friday,,184
14/05/2021,Friday,,175
14/05/2021,Friday,,176
14/05/2021,Friday,,186
14/05/2021,Friday,,179
14/05/2021,Friday,,178
14/05/2021,Friday,,140
14/05/2021,Friday,,191
14/05/2021,Friday,,172
14/05/2021,Friday,,155
14/05/2021,Friday,,174
14/05/2021,Friday,,184
14/05/2021,Friday,,231
14/05/2021,Friday,,164
14/05/2021,Friday,,199
14/05/2021,Friday,,214
14/05/2021,Friday,,209
14/05/2021,Friday,,183
14/05/2021,Friday,,229
14/05/2021,Friday,,240
14/05/2021,Friday,,178
14/05/2021,Friday,,222
14/05/2021,Friday,,195
14/05/2021,Friday,,196
14/05/2021,Friday,,208
14/05/2021,Friday,,174
14/05/2021,Friday,,180
14/05/2021,Friday,,172
14/05/2021,Friday,,134
14/05/2021,Friday,,125
14/05/2021,Friday,,120
14/05/2021,Friday,,111
14/05/2021,Friday,,97
14/05/2021,Friday,,76
14/05/2021,Friday,,78
14/05/2021,Friday,,46
14/05/2021,Friday,,54
14/05/2021,Friday,,53
14/05/2021,Friday,,35
14/05/2021,Friday,,33
14/05/2021,Friday,,26
14/05/2021,Friday,,31
14/05/2021,Friday,,28
14/05/2021,Friday,,18
14/05/2021,Friday,,12
14/05/2021,Friday,,9
14/05/2021,Friday,,10
15/05/2021,Saturday,,10
15/05/2021,Saturday,,17
15/05/2021,Saturday,,7
15/05/2021,Saturday,,4
15/05/2021,Saturday,,5
15/05/2021,Saturday,,10
15/05/2021,Saturday,,7
15/05/2021,Saturday,,4
15/05/2021,Saturday,,3
15/05/2021,Saturday,,3
15/05/2021,Saturday,,5
15/05/2021,Saturday,,3
15/05/2021,Saturday,,0
15/05/2021,Saturday,,6
15/05/2021,Saturday,,0
15/05/2021,Saturday,,4
15/05/2021,Saturday,,4
15/05/2021,Saturday,,6
15/05/2021,Saturday,,3
15/05/2021,Saturday,,4
15/05/2021,Saturday,,7
15/05/2021,Saturday,,16
15/05/2021,Saturday,,19
15/05/2021,Saturday,,14
15/05/2021,Saturday,,24
15/05/2021,Saturday,,26
15/05/2021,Saturday,,40
15/05/2021,Saturday,,33
15/05/2021,Saturday,,34
15/05/2021,Saturday,,47
15/05/2021,Saturday,,41
15/05/2021,Saturday,,53
15/05/2021,Saturday,,60
15/05/2021,Saturday,,94
15/05/2021,Saturday,,75
15/05/2021,Saturday,,90
15/05/2021,Saturday,,109
15/05/2021,Saturday,,125
15/05/2021,Saturday,,134
15/05/2021,Saturday,,127
15/05/2021,Saturday,,160
15/05/2021,Saturday,,172
15/05/2021,Saturday,,191
15/05/2021,Saturday,,202
15/05/2021,Saturday,,155
15/05/2021,Saturday,,173
15/05/2021,Saturday,,188
15/05/2021,Saturday,,211
15/05/2021,Saturday,,176
15/05/2021,Saturday,,213
15/05/2021,Saturday,,202
15/05/2021,Saturday,,194
15/05/2021,Saturday,,162
15/05/2021,Saturday,,163
15/05/2021,Saturday,,190
15/05/2021,Saturday,,164
15/05/2021,Saturday,,154
15/05/2021,Saturday,,156
15/05/2021,Saturday,,156
15/05/2021,Saturday,,134
15/05/2021,Saturday,,142
15/05/2021,Saturday,,117
15/05/2021,Saturday,,133
15/05/2021,Saturday,,130
15/05/2021,Saturday,,143
15/05/2021,Saturday,,133
15/05/2021,Saturday,,146
15/05/2021,Saturday,,106
15/05/2021,Saturday,,127
15/05/2021,Saturday,,101
15/05/2021,Saturday,,136
15/05/2021,Saturday,,134
15/05/2021,Saturday,,94
15/05/2021,Saturday,,101
15/05/2021,Saturday,,111
15/05/2021,Saturday,,88
15/05/2021,Saturday,,64
15/05/2021,Saturday,,55
15/05/2021,Saturday,,59
15/05/2021,Saturday,,56
15/05/2021,Saturday,,49
15/05/2021,Saturday,,39
15/05/2021,Saturday,,49
15/05/2021,Saturday,,34
15/05/2021,Saturday,,37
15/05/2021,Saturday,,34
15/05/2021,Saturday,,36
15/05/2021,Saturday,,37
15/05/2021,Saturday,,27
15/05/2021,Saturday,,18
15/05/2021,Saturday,,23
15/05/2021,Saturday,,17
15/05/2021,Saturday,,12
15/05/2021,Saturday,,17
15/05/2021,Saturday,,16
15/05/2021,Saturday,,15
16/05/2021,Sunday,,9
16/05/2021,Sunday,,5
16/05/2021,Sunday,,6
16/05/2021,Sunday,,4
16/05/2021,Sunday,,0
16/05/2021,Sunday,,6
16/05/2021,Sunday,,4
16/05/2021,Sunday,,1
16/05/2021,Sunday,,1
16/05/2021,Sunday,,5
16/05/2021,Sunday,,2
16/05/2021,Sunday,,5
16/05/2021,Sunday,,1
16/05/2021,Sunday,,3
16/05/2021,Sunday,,1
16/05/2021,Sunday,,2
16/05/2021,Sunday,,0
16/05/2021,Sunday,,3
16/05/2021,Sunday,,6
16/05/2021,Sunday,,8
16/05/2021,Sunday,,4
16/05/2021,Sunday,,9
16/05/2021,Sunday,,8
16/05/2021,Sunday,,14
16/05/2021,Sunday,,15
16/05/2021,Sunday,,14
16/05/2021,Sunday,,23
16/05/2021,Sunday,,21
16/05/2021,Sunday,,14
16/05/2021,Sunday,,32
16/05/2021,Sunday,,26
16/05/2021,Sunday,,33
16/05/2021,Sunday,,28
16/05/2021,Sunday,,40
16/05/2021,Sunday,,43
16/05/2021,Sunday,,57
16/05/2021,Sunday,,59
16/05/2021,Sunday,,102
16/05/2021,Sunday,,121
16/05/2021,Sunday,,139
16/05/2021,Sunday,,138
16/05/2021,Sunday,,132
16/05/2021,Sunday,,177
16/05/2021,Sunday,,163
16/05/2021,Sunday,,152
16/05/2021,Sunday,,199
16/05/2021,Sunday,,168
16/05/2021,Sunday,,218
16/05/2021,Sunday,,194
16/05/2021,Sunday,,171
16/05/2021,Sunday,,198
16/05/2021,Sunday,,159
16/05/2021,Sunday,,174
16/05/2021,Sunday,,146
16/05/2021,Sunday,,137
16/05/2021,Sunday,,155
16/05/2021,Sunday,,135
16/05/2021,Sunday,,132
16/05/2021,Sunday,,140
16/05/2021,Sunday,,105
16/05/2021,Sunday,,120
16/05/2021,Sunday,,98
16/05/2021,Sunday,,139
16/05/2021,Sunday,,122
16/05/2021,Sunday,,115
16/05/2021,Sunday,,114
16/05/2021,Sunday,,135
16/05/2021,Sunday,,102
16/05/2021,Sunday,,86
16/05/2021,Sunday,,102
16/05/2021,Sunday,,80
16/05/2021,Sunday,,80
16/05/2021,Sunday,,88
16/05/2021,Sunday,,78
16/05/2021,Sunday,,76
16/05/2021,Sunday,,81
16/05/2021,Sunday,,57
16/05/2021,Sunday,,55
16/05/2021,Sunday,,53
16/05/2021,Sunday,,39
16/05/2021,Sunday,,48
16/05/2021,Sunday,,36
16/05/2021,Sunday,,36
16/05/2021,Sunday,,33
16/05/2021,Sunday,,29
16/05/2021,Sunday,,22
16/05/2021,Sunday,,21
16/05/2021,Sunday,,19
16/05/2021,Sunday,,20
16/05/2021,Sunday,,7
16/05/2021,Sunday,,15
16/05/2021,Sunday,,13
16/05/2021,Sunday,,6
16/05/2021,Sunday,,9
16/05/2021,Sunday,,8
16/05/2021,Sunday,,5
17/05/2021,Monday,,6
17/05/2021,Monday,,3
17/05/2021,Monday,,5
17/05/2021,Monday,,6
17/05/2021,Monday,,4
17/05/2021,Monday,,1
17/05/2021,Monday,,1
17/05/2021,Monday,,5
17/05/2021,Monday,,0
17/05/2021,Monday,,4
17/05/2021,Monday,,2
17/05/2021,Monday,,2
17/05/2021,Monday,,2
17/05/2021,Monday,,3
17/05/2021,Monday,,2
17/05/2021,Monday,,1
17/05/2021,Monday,,3
17/05/2021,Monday,,3
17/05/2021,Monday,,8
17/05/2021,Monday,,8
17/05/2021,Monday,,7
17/05/2021,Monday,,20
17/05/2021,Monday,,23
17/05/2021,Monday,,34
17/05/2021,Monday,,35
17/05/2021,Monday,,42
17/05/2021,Monday,,65
17/05/2021,Monday,,89
17/05/2021,Monday,,88
17/05/2021,Monday,,129
17/05/2021,Monday,,150
17/05/2021,Monday,,175
17/05/2021,Monday,,174
17/05/2021,Monday,,185
17/05/2021,Monday,,157
17/05/2021,Monday,,161
17/05/2021,Monday,,140
17/05/2021,Monday,,178
17/05/2021,Monday,,143
17/05/2021,Monday,,128
17/05/2021,Monday,,135
17/05/2021,Monday,,158
17/05/2021,Monday,,168
17/05/2021,Monday,,147
17/05/2021,Monday,,158
17/05/2021,Monday,,138
17/05/2021,Monday,,152
17/05/2021,Monday,,141
17/05/2021,Monday,,160
17/05/2021,Monday,,173
17/05/2021,Monday,,154
17/05/2021,Monday,,184
17/05/2021,Monday,,172
17/05/2021,Monday,,169
17/05/2021,Monday,,149
17/05/2021,Monday,,157
17/05/2021,Monday,,152
17/05/2021,Monday,,182
17/05/2021,Monday,,182
17/05/2021,Monday,,173
17/05/2021,Monday,,152
17/05/2021,Monday,,181
17/05/2021,Monday,,150
17/05/2021,Monday,,184
17/05/2021,Monday,,206
17/05/2021,Monday,,209
17/05/2021,Monday,,201
17/05/2021,Monday,,227
17/05/2021,Monday,,203
17/05/2021,Monday,,189
17/05/2021,Monday,,163
17/05/2021,Monday,,165
17/05/2021,Monday,,144
17/05/2021,Monday,,144
17/05/2021,Monday,,106
17/05/2021,Monday,,89
17/05/2021,Monday,,91
17/05/2021,Monday,,46
17/05/2021,Monday,,55
17/05/2021,Monday,,50
17/05/2021,Monday,,50
17/05/2021,Monday,,41
17/05/2021,Monday,,30
17/05/2021,Monday,,42
17/05/2021,Monday,,28
17/05/2021,Monday,,34
17/05/2021,Monday,,28
17/05/2021,Monday,,32
17/05/2021,Monday,,26
17/05/2021,Monday,,12
17/05/2021,Monday,,29
17/05/2021,Monday,,16
17/05/2021,Monday,,12
17/05/2021,Monday,,12
17/05/2021,Monday,,6
17/05/2021,Monday,,8
18/05/2021,Tuesday,,8
18/05/2021,Tuesday,,8
18/05/2021,Tuesday,,4
18/05/2021,Tuesday,,9
18/05/2021,Tuesday,,4
18/05/2021,Tuesday,,8
18/05/2021,Tuesday,,0
18/05/2021,Tuesday,,3
18/05/2021,Tuesday,,2
18/05/2021,Tuesday,,2
18/05/2021,Tuesday,,3
18/05/2021,Tuesday,,10
18/05/2021,Tuesday,,1
18/05/2021,Tuesday,,6
18/05/2021,Tuesday,,5
18/05/2021,Tuesday,,1
18/05/2021,Tuesday,,3
18/05/2021,Tuesday,,7
18/05/2021,Tuesday,,7
18/05/2021,Tuesday,,12
18/05/2021,Tuesday,,8
18/05/2021,Tuesday,,18
18/05/2021,Tuesday,,23
18/05/2021,Tuesday,,21
18/05/2021,Tuesday,,46
18/05/2021,Tuesday,,54
18/05/2021,Tuesday,,59
18/05/2021,Tuesday,,74
18/05/2021,Tuesday,,107
18/05/2021,Tuesday,,116
18/05/2021,Tuesday,,155
18/05/2021,Tuesday,,166
18/05/2021,Tuesday,,183
18/05/2021,Tuesday,,163
18/05/2021,Tuesday,,142
18/05/2021,Tuesday,,126
18/05/2021,Tuesday,,156
18/05/2021,Tuesday,,126
18/05/2021,Tuesday,,138
18/05/2021,Tuesday,,139
18/05/2021,Tuesday,,151
18/05/2021,Tuesday,,163
18/05/2021,Tuesday,,147
18/05/2021,Tuesday,,174
18/05/2021,Tuesday,,158
18/05/2021,Tuesday,,131
18/05/2021,Tuesday,,151
18/05/2021,Tuesday,,117
18/05/2021,Tuesday,,171
18/05/2021,Tuesday,,191
18/05/2021,Tuesday,,167
18/05/2021,Tuesday,,162
18/05/2021,Tuesday,,125
18/05/2021,Tuesday,,133
18/05/2021,Tuesday,,120
18/05/2021,Tuesday,,123
18/05/2021,Tuesday,,141
18/05/2021,Tuesday,,118
18/05/2021,Tuesday,,162
18/05/2021,Tuesday,,112
18/05/2021,Tuesday,,123
18/05/2021,Tuesday,,166
18/05/2021,Tuesday,,120
18/05/2021,Tuesday,,140
18/05/2021,Tuesday,,177
18/05/2021,Tuesday,,174
18/05/2021,Tuesday,,184
18/05/2021,Tuesday,,154
18/05/2021,Tuesday,,168
18/05/2021,Tuesday,,166
18/05/2021,Tuesday,,194
18/05/2021,Tuesday,,159
18/05/2021,Tuesday,,146
18/05/2021,Tuesday,,148
18/05/2021,Tuesday,,123
18/05/2021,Tuesday,,98
18/05/2021,Tuesday,,72
18/05/2021,Tuesday,,67
18/05/2021,Tuesday,,67
18/05/2021,Tuesday,,65
18/05/2021,Tuesday,,44
18/05/2021,Tuesday,,43
18/05/2021,Tuesday,,42
18/05/2021,Tuesday,,38
18/05/2021,Tuesday,,32
18/05/2021,Tuesday,,29
18/05/2021,Tuesday,,32
18/05/2021,Tuesday,,31
18/05/2021,Tuesday,,26
18/05/2021,Tuesday,,24
18/05/2021,Tuesday,,29
18/05/2021,Tuesday,,15
18/05/2021,Tuesday,,8
18/05/2021,Tuesday,,10
18/05/2021,Tuesday,,9
18/05/2021,Tuesday,,4
19/05/2021,Wednesday,,11
19/05/2021,Wednesday,,5
19/05/2021,Wednesday,,4
19/05/2021,Wednesday,,2
19/05/2021,Wednesday,,5
19/05/2021,Wednesday,,5
19/05/2021,Wednesday,,4
19/05/2021,Wednesday,,2
19/05/2021,Wednesday,,5
19/05/2021,Wednesday,,2
19/05/2021,Wednesday,,3
19/05/2021,Wednesday,,6
19/05/2021,Wednesday,,1
19/05/2021,Wednesday,,7
19/05/2021,Wednesday,,5
19/05/2021,Wednesday,,4
19/05/2021,Wednesday,,7
19/05/2021,Wednesday,,7
19/05/2021,Wednesday,,12
19/05/2021,Wednesday,,8
19/05/2021,Wednesday,,8
19/05/2021,Wednesday,,19
19/05/2021,Wednesday,,22
19/05/2021,Wednesday,,28
19/05/2021,Wednesday,,44
19/05/2021,Wednesday,,60
19/05/2021,Wednesday,,63
19/05/2021,Wednesday,,84
19/05/2021,Wednesday,,95
19/05/2021,Wednesday,,113
19/05/2021,Wednesday,,153
19/05/2021,Wednesday,,181
19/05/2021,Wednesday,,132
19/05/2021,Wednesday,,178
19/05/2021,Wednesday,,145
19/05/2021,Wednesday,,147
19/05/2021,Wednesday,,145
19/05/2021,Wednesday,,140
19/05/2021,Wednesday,,114
19/05/2021,Wednesday,,149
19/05/2021,Wednesday,,177
19/05/2021,Wednesday,,167
19/05/2021,Wednesday,,163
19/05/2021,Wednesday,,152
19/05/2021,Wednesday,,189
19/05/2021,Wednesday,,159
19/05/2021,Wednesday,,153
19/05/2021,Wednesday,,170
19/05/2021,Wednesday,,158
19/05/2021,Wednesday,,168
19/05/2021,Wednesday,,147
19/05/2021,Wednesday,,115
19/05/2021,Wednesday,,125
19/05/2021,Wednesday,,116
19/05/2021,Wednesday,,150
19/05/2021,Wednesday,,137
19/05/2021,Wednesday,,138
19/05/2021,Wednesday,,156
19/05/2021,Wednesday,,128
19/05/2021,Wednesday,,156
19/05/2021,Wednesday,,124
19/05/2021,Wednesday,,169
19/05/2021,Wednesday,,143
19/05/2021,Wednesday,,156
19/05/2021,Wednesday,,182
19/05/2021,Wednesday,,161
19/05/2021,Wednesday,,176
19/05/2021,Wednesday,,163
19/05/2021,Wednesday,,180
19/05/2021,Wednesday,,165
19/05/2021,Wednesday,,165
19/05/2021,Wednesday,,172
19/05/2021,Wednesday,,140
19/05/2021,Wednesday,,130
19/05/2021,Wednesday,,118
19/05/2021,Wednesday,,93
19/05/2021,Wednesday,,81
19/05/2021,Wednesday,,69
19/05/2021,Wednesday,,70
19/05/2021,Wednesday,,63
19/05/2021,Wednesday,,60
19/05/2021,Wednesday,,57
19/05/2021,Wednesday,,41
19/05/2021,Wednesday,,48
19/05/2021,Wednesday,,33
19/05/2021,Wednesday,,42
19/05/2021,Wednesday,,35
19/05/2021,Wednesday,,22
19/05/2021,Wednesday,,39
19/05/2021,Wednesday,,18
19/05/2021,Wednesday,,31
19/05/2021,Wednesday,,14
19/05/2021,Wednesday,,20
19/05/2021,Wednesday,,14
19/05/2021,Wednesday,,12
19/05/2021,Wednesday,,9
20/05/2021,Thursday,,10
20/05/2021,Thursday,,8
20/05/2021,Thursday,,11
20/05/2021,Thursday,,6
20/05/2021,Thursday,,4
20/05/2021,Thursday,,3
20/05/2021,Thursday,,1
20/05/2021,Thursday,,3
20/05/2021,Thursday,,7
20/05/2021,Thursday,,4
20/05/2021,Thursday,,5
20/05/2021,Thursday,,6
20/05/2021,Thursday,,9
20/05/2021,Thursday,,2
20/05/2021,Thursday,,2
20/05/2021,Thursday,,2
20/05/2021,Thursday,,7
20/05/2021,Thursday,,6
20/05/2021,Thursday,,12
20/05/2021,Thursday,,13
20/05/2021,Thursday,,13
20/05/2021,Thursday,,12
20/05/2021,Thursday,,31
20/05/2021,Thursday,,33
20/05/2021,Thursday,,55
20/05/2021,Thursday,,50
20/05/2021,Thursday,,52
20/05/2021,Thursday,,68
20/05/2021,Thursday,,91
20/05/2021,Thursday,,137
20/05/2021,Thursday,,139
20/05/2021,Thursday,,165
20/05/2021,Thursday,,155
20/05/2021,Thursday,,179
20/05/2021,Thursday,,130
20/05/2021,Thursday,,136
20/05/2021,Thursday,,145
20/05/2021,Thursday,,123
20/05/2021,Thursday,,128
20/05/2021,Thursday,,122
20/05/2021,Thursday,,127
20/05/2021,Thursday,,132
20/05/2021,Thursday,,139
20/05/2021,Thursday,,161
20/05/2021,Thursday,,133
20/05/2021,Thursday,,167
20/05/2021,Thursday,,150
20/05/2021,Thursday,,181
20/05/2021,Thursday,,153
20/05/2021,Thursday,,161
20/05/2021,Thursday,,121
20/05/2021,Thursday,,135
20/05/2021,Thursday,,179
20/05/2021,Thursday,,152
20/05/2021,Thursday,,145
20/05/2021,Thursday,,126
20/05/2021,Thursday,,136
20/05/2021,Thursday,,159
20/05/2021,Thursday,,185
20/05/2021,Thursday,,157
20/05/2021,Thursday,,146
20/05/2021,Thursday,,164
20/05/2021,Thursday,,188
20/05/2021,Thursday,,156
20/05/2021,Thursday,,173
20/05/2021,Thursday,,163
20/05/2021,Thursday,,153
20/05/2021,Thursday,,158
20/05/2021,Thursday,,194
20/05/2021,Thursday,,179
20/05/2021,Thursday,,162
20/05/2021,Thursday,,135
20/05/2021,Thursday,,128
20/05/2021,Thursday,,146
20/05/2021,Thursday,,126
20/05/2021,Thursday,,86
20/05/2021,Thursday,,102
20/05/2021,Thursday,,66
20/05/2021,Thursday,,54
20/05/2021,Thursday,,50
20/05/2021,Thursday,,57
20/05/2021,Thursday,,51
20/05/2021,Thursday,,56
20/05/2021,Thursday,,44
20/05/2021,Thursday,,33
20/05/2021,Thursday,,46
20/05/2021,Thursday,,33
20/05/2021,Thursday,,21
20/05/2021,Thursday,,34
20/05/2021,Thursday,,21
20/05/2021,Thursday,,27
20/05/2021,Thursday,,23
20/05/2021,Thursday,,17
20/05/2021,Thursday,,8
20/05/2021,Thursday,,9
20/05/2021,Thursday,,11
21/05/2021,Friday,,6
21/05/2021,Friday,,11
21/05/2021,Friday,,11
21/05/2021,Friday,,8
21/05/2021,Friday,,7
21/05/2021,Friday,,3
21/05/2021,Friday,,5
21/05/2021,Friday,,7
21/05/2021,Friday,,9
21/05/2021,Friday,,7
21/05/2021,Friday,,3
21/05/2021,Friday,,5
21/05/2021,Friday,,5
21/05/2021,Friday,,5
21/05/2021,Friday,,3
21/05/2021,Friday,,4
21/05/2021,Friday,,3
21/05/2021,Friday,,5
21/05/2021,Friday,,12
21/05/2021,Friday,,9
21/05/2021,Friday,,10
21/05/2021,Friday,,21
21/05/2021,Friday,,19
21/05/2021,Friday,,26
21/05/2021,Friday,,30
21/05/2021,Friday,,42
21/05/2021,Friday,,64
21/05/2021,Friday,,65
21/05/2021,Friday,,75
21/05/2021,Friday,,116
21/05/2021,Friday,,132
21/05/2021,Friday,,160
21/05/2021,Friday,,139
21/05/2021,Friday,,153
21/05/2021,Friday,,130
21/05/2021,Friday,,137
21/05/2021,Friday,,150
21/05/2021,Friday,,149
21/05/2021,Friday,,117
21/05/2021,Friday,,149
21/05/2021,Friday,,143
21/05/2021,Friday,,137
21/05/2021,Friday,,119
21/05/2021,Friday,,155
21/05/2021,Friday,,144
21/05/2021,Friday,,134
21/05/2021,Friday,,149
21/05/2021,Friday,,204
21/05/2021,Friday,,171
21/05/2021,Friday,,189
21/05/2021,Friday,,177
21/05/2021,Friday,,183
21/05/2021,Friday,,172
21/05/2021,Friday,,202
21/05/2021,Friday,,188
21/05/2021,Friday,,193
21/05/2021,Friday,,151
21/05/2021,Friday,,241
21/05/2021,Friday,,234
21/05/2021,Friday,,228
21/05/2021,Friday,,258
21/05/2021,Friday,,269
21/05/2021,Friday,,224
21/05/2021,Friday,,266
21/05/2021,Friday,,225
21/05/2021,Friday,,230
21/05/2021,Friday,,234
21/05/2021,Friday,,220
21/05/2021,Friday,,241
21/05/2021,Friday,,256
21/05/2021,Friday,,249
21/05/2021,Friday,,218
21/05/2021,Friday,,212
21/05/2021,Friday,,207
21/05/2021,Friday,,241
21/05/2021,Friday,,245
21/05/2021,Friday,,181
21/05/2021,Friday,,215
21/05/2021,Friday,,185
21/05/2021,Friday,,171
21/05/2021,Friday,,150
21/05/2021,Friday,,85
21/05/2021,Friday,,85
21/05/2021,Friday,,84
21/05/2021,Friday,,77
21/05/2021,Friday,,56
21/05/2021,Friday,,44
21/05/2021,Friday,,38
21/05/2021,Friday,,43
21/05/2021,Friday,,33
21/05/2021,Friday,,38
21/05/2021,Friday,,26
21/05/2021,Friday,,19
21/05/2021,Friday,,19
21/05/2021,Friday,,14
21/05/2021,Friday,,11
22/05/2021,Saturday,,10
22/05/2021,Saturday,,9
22/05/2021,Saturday,,10
22/05/2021,Saturday,,4
22/05/2021,Saturday,,3
22/05/2021,Saturday,,6
22/05/2021,Saturday,,8
22/05/2021,Saturday,,3
22/05/2021,Saturday,,4
22/05/2021,Saturday,,5
22/05/2021,Saturday,,2
22/05/2021,Saturday,,5
22/05/2021,Saturday,,4
22/05/2021,Saturday,,0
22/05/2021,Saturday,,1
22/05/2021,Saturday,,1
22/05/2021,Saturday,,7
22/05/2021,Saturday,,1
22/05/2021,Saturday,,8
22/05/2021,Saturday,,3
22/05/2021,Saturday,,8
22/05/2021,Saturday,,5
22/05/2021,Saturday,,15
22/05/2021,Saturday,,18
22/05/2021,Saturday,,23
22/05/2021,Saturday,,31
22/05/2021,Saturday,,41
22/05/2021,Saturday,,50
22/05/2021,Saturday,,49
22/05/2021,Saturday,,65
22/05/2021,Saturday,,68
22/05/2021,Saturday,,82
22/05/2021,Saturday,,72
22/05/2021,Saturday,,82
22/05/2021,Saturday,,84
22/05/2021,Saturday,,113
22/05/2021,Saturday,,120
22/05/2021,Saturday,,141
22/05/2021,Saturday,,163
22/05/2021,Saturday,,147
22/05/2021,Saturday,,204
22/05/2021,Saturday,,220
22/05/2021,Saturday,,207
22/05/2021,Saturday,,189
22/05/2021,Saturday,,241
22/05/2021,Saturday,,248
22/05/2021,Saturday,,223
22/05/2021,Saturday,,243
22/05/2021,Saturday,,240
22/05/2021,Saturday,,220
22/05/2021,Saturday,,266
22/05/2021,Saturday,,242
22/05/2021,Saturday,,209
22/05/2021,Saturday,,234
22/05/2021,Saturday,,229
22/05/2021,Saturday,,177
22/05/2021,Saturday,,193
22/05/2021,Saturday,,207
22/05/2021,Saturday,,205
22/05/2021,Saturday,,168
22/05/2021,Saturday,,174
22/05/2021,Saturday,,155
22/05/2021,Saturday,,137
22/05/2021,Saturday,,164
22/05/2021,Saturday,,147
22/05/2021,Saturday,,166
22/05/2021,Saturday,,135
22/05/2021,Saturday,,143
22/05/2021,Saturday,,123
22/05/2021,Saturday,,175
22/05/2021,Saturday,,121
22/05/2021,Saturday,,114
22/05/2021,Saturday,,125
22/05/2021,Saturday,,120
22/05/2021,Saturday,,97
22/05/2021,Saturday,,80
22/05/2021,Saturday,,94
22/05/2021,Saturday,,83
22/05/2021,Saturday,,81
22/05/2021,Saturday,,59
22/05/2021,Saturday,,52
22/05/2021,Saturday,,38
22/05/2021,Saturday,,48
22/05/2021,Saturday,,41
22/05/2021,Saturday,,45
22/05/2021,Saturday,,41
22/05/2021,Saturday,,36
22/05/2021,Saturday,,33
22/05/2021,Saturday,,20
22/05/2021,Saturday,,25
22/05/2021,Saturday,,24
22/05/2021,Saturday,,20
22/05/2021,Saturday,,31
22/05/2021,Saturday,,22
22/05/2021,Saturday,,24
22/05/2021,Saturday,,8
23/05/2021,Sunday,,5
23/05/2021,Sunday,,9
23/05/2021,Sunday,,9
23/05/2021,Sunday,,9
23/05/2021,Sunday,,6
23/05/2021,Sunday,,10
23/05/2021,Sunday,,5
23/05/2021,Sunday,,5
23/05/2021,Sunday,,7
23/05/2021,Sunday,,3
23/05/2021,Sunday,,2
23/05/2021,Sunday,,4
23/05/2021,Sunday,,3
23/05/2021,Sunday,,1
23/05/2021,Sunday,,3
23/05/2021,Sunday,,4
23/05/2021,Sunday,,1
23/05/2021,Sunday,,4
23/05/2021,Sunday,,7
23/05/2021,Sunday,,4
23/05/2021,Sunday,,4
23/05/2021,Sunday,,7
23/05/2021,Sunday,,9
23/05/2021,Sunday,,9
23/05/2021,Sunday,,12
23/05/2021,Sunday,,26
23/05/2021,Sunday,,30
23/05/2021,Sunday,,30
23/05/2021,Sunday,,38
23/05/2021,Sunday,,43
23/05/2021,Sunday,,45
23/05/2021,Sunday,,58
23/05/2021,Sunday,,51
23/05/2021,Sunday,,68
23/05/2021,Sunday,,82
23/05/2021,Sunday,,108
23/05/2021,Sunday,,154
23/05/2021,Sunday,,126
23/05/2021,Sunday,,170
23/05/2021,Sunday,,182
23/05/2021,Sunday,,169
23/05/2021,Sunday,,177
23/05/2021,Sunday,,197
23/05/2021,Sunday,,212
23/05/2021,Sunday,,181
23/05/2021,Sunday,,220
23/05/2021,Sunday,,221
23/05/2021,Sunday,,176
23/05/2021,Sunday,,193
23/05/2021,Sunday,,208
23/05/2021,Sunday,,181
23/05/2021,Sunday,,181
23/05/2021,Sunday,,192
23/05/2021,Sunday,,149
23/05/2021,Sunday,,146
23/05/2021,Sunday,,170
23/05/2021,Sunday,,143
23/05/2021,Sunday,,139
23/05/2021,Sunday,,139
23/05/2021,Sunday,,119
23/05/2021,Sunday,,135
23/05/2021,Sunday,,145
23/05/2021,Sunday,,141
23/05/2021,Sunday,,134
23/05/2021,Sunday,,120
23/05/2021,Sunday,,128
23/05/2021,Sunday,,108
23/05/2021,Sunday,,129
23/05/2021,Sunday,,103
23/05/2021,Sunday,,118
23/05/2021,Sunday,,116
23/05/2021,Sunday,,98
23/05/2021,Sunday,,97
23/05/2021,Sunday,,91
23/05/2021,Sunday,,90
23/05/2021,Sunday,,71
23/05/2021,Sunday,,68
23/05/2021,Sunday,,58
23/05/2021,Sunday,,66
23/05/2021,Sunday,,56
23/05/2021,Sunday,,47
23/05/2021,Sunday,,60
23/05/2021,Sunday,,37
23/05/2021,Sunday,,40
23/05/2021,Sunday,,29
23/05/2021,Sunday,,26
23/05/2021,Sunday,,29
23/05/2021,Sunday,,20
23/05/2021,Sunday,,22
23/05/2021,Sunday,,17
23/05/2021,Sunday,,10
23/05/2021,Sunday,,12
23/05/2021,Sunday,,13
23/05/2021,Sunday,,10
23/05/2021,Sunday,,5
23/05/2021,Sunday,,5
24/05/2021,Monday,,5
24/05/2021,Monday,,6
24/05/2021,Monday,,8
24/05/2021,Monday,,4
24/05/2021,Monday,,1
24/05/2021,Monday,,5
24/05/2021,Monday,,3
24/05/2021,Monday,,3
24/05/2021,Monday,,3
24/05/2021,Monday,,2
24/05/2021,Monday,,3
24/05/2021,Monday,,4
24/05/2021,Monday,,2
24/05/2021,Monday,,1
24/05/2021,Monday,,4
24/05/2021,Monday,,4
24/05/2021,Monday,,2
24/05/2021,Monday,,4
24/05/2021,Monday,,12
24/05/2021,Monday,,7
24/05/2021,Monday,,8
24/05/2021,Monday,,14
24/05/2021,Monday,,22
24/05/2021,Monday,,29
24/05/2021,Monday,,38
24/05/2021,Monday,,30
24/05/2021,Monday,,44
24/05/2021,Monday,,82
24/05/2021,Monday,,102
24/05/2021,Monday,,113
24/05/2021,Monday,,174
24/05/2021,Monday,,139
24/05/2021,Monday,,169
24/05/2021,Monday,,148
24/05/2021,Monday,,147
24/05/2021,Monday,,149
24/05/2021,Monday,,154
24/05/2021,Monday,,126
24/05/2021,Monday,,170
24/05/2021,Monday,,131
24/05/2021,Monday,,136
24/05/2021,Monday,,159
24/05/2021,Monday,,162
24/05/2021,Monday,,169
24/05/2021,Monday,,145
24/05/2021,Monday,,199
24/05/2021,Monday,,177
24/05/2021,Monday,,157
24/05/2021,Monday,,158
24/05/2021,Monday,,190
24/05/2021,Monday,,192
24/05/2021,Monday,,181
24/05/2021,Monday,,151
24/05/2021,Monday,,211
24/05/2021,Monday,,151
24/05/2021,Monday,,209
24/05/2021,Monday,,206
24/05/2021,Monday,,172
24/05/2021,Monday,,208
24/05/2021,Monday,,175
24/05/2021,Monday,,208
24/05/2021,Monday,,170
24/05/2021,Monday,,169
24/05/2021,Monday,,210
24/05/2021,Monday,,229
24/05/2021,Monday,,162
24/05/2021,Monday,,172
24/05/2021,Monday,,183
24/05/2021,Monday,,135
24/05/2021,Monday,,168
24/05/2021,Monday,,179
24/05/2021,Monday,,142
24/05/2021,Monday,,141
24/05/2021,Monday,,144
24/05/2021,Monday,,94
24/05/2021,Monday,,91
24/05/2021,Monday,,62
24/05/2021,Monday,,57
24/05/2021,Monday,,47
24/05/2021,Monday,,51
24/05/2021,Monday,,42
24/05/2021,Monday,,49
24/05/2021,Monday,,35
24/05/2021,Monday,,26
24/05/2021,Monday,,32
24/05/2021,Monday,,24
24/05/2021,Monday,,25
24/05/2021,Monday,,15
24/05/2021,Monday,,35
24/05/2021,Monday,,26
24/05/2021,Monday,,19
24/05/2021,Monday,,15
24/05/2021,Monday,,9
24/05/2021,Monday,,4
24/05/2021,Monday,,9
24/05/2021,Monday,,6
25/05/2021,Tuesday,,3
25/05/2021,Tuesday,,10
25/05/2021,Tuesday,,4
25/05/2021,Tuesday,,2
25/05/2021,Tuesday,,8
25/05/2021,Tuesday,,3
25/05/2021,Tuesday,,1
25/05/2021,Tuesday,,4
25/05/2021,Tuesday,,4
25/05/2021,Tuesday,,4
25/05/2021,Tuesday,,3
25/05/2021,Tuesday,,5
25/05/2021,Tuesday,,2
25/05/2021,Tuesday,,1
25/05/2021,Tuesday,,13
25/05/2021,Tuesday,,4
25/05/2021,Tuesday,,5
25/05/2021,Tuesday,,4
25/05/2021,Tuesday,,13
25/05/2021,Tuesday,,10
25/05/2021,Tuesday,,8
25/05/2021,Tuesday,,21
25/05/2021,Tuesday,,18
25/05/2021,Tuesday,,29
25/05/2021,Tuesday,,45
25/05/2021,Tuesday,,42
25/05/2021,Tuesday,,50
25/05/2021,Tuesday,,60
25/05/2021,Tuesday,,102
25/05/2021,Tuesday,,115
25/05/2021,Tuesday,,146
25/05/2021,Tuesday,,170
25/05/2021,Tuesday,,159
25/05/2021,Tuesday,,175
25/05/2021,Tuesday,,143
25/05/2021,Tuesday,,140
25/05/2021,Tuesday,,100
25/05/2021,Tuesday,,148
25/05/2021,Tuesday,,159
25/05/2021,Tuesday,,147
25/05/2021,Tuesday,,116
25/05/2021,Tuesday,,134
25/05/2021,Tuesday,,146
25/05/2021,Tuesday,,140
25/05/2021,Tuesday,,139
25/05/2021,Tuesday,,123
25/05/2021,Tuesday,,132
25/05/2021,Tuesday,,161
25/05/2021,Tuesday,,131
25/05/2021,Tuesday,,128
25/05/2021,Tuesday,,113
25/05/2021,Tuesday,,141
25/05/2021,Tuesday,,122
25/05/2021,Tuesday,,127
25/05/2021,Tuesday,,141
25/05/2021,Tuesday,,128
25/05/2021,Tuesday,,132
25/05/2021,Tuesday,,176
25/05/2021,Tuesday,,135
25/05/2021,Tuesday,,112
25/05/2021,Tuesday,,140
25/05/2021,Tuesday,,122
25/05/2021,Tuesday,,156
25/05/2021,Tuesday,,100
25/05/2021,Tuesday,,182
25/05/2021,Tuesday,,181
25/05/2021,Tuesday,,146
25/05/2021,Tuesday,,174
25/05/2021,Tuesday,,138
25/05/2021,Tuesday,,161
25/05/2021,Tuesday,,156
25/05/2021,Tuesday,,135
25/05/2021,Tuesday,,123
25/05/2021,Tuesday,,137
25/05/2021,Tuesday,,118
25/05/2021,Tuesday,,103
25/05/2021,Tuesday,,63
25/05/2021,Tuesday,,80
25/05/2021,Tuesday,,57
25/05/2021,Tuesday,,44
25/05/2021,Tuesday,,51
25/05/2021,Tuesday,,33
25/05/2021,Tuesday,,38
25/05/2021,Tuesday,,38
25/05/2021,Tuesday,,43
25/05/2021,Tuesday,,28
25/05/2021,Tuesday,,29
25/05/2021,Tuesday,,16
25/05/2021,Tuesday,,34
25/05/2021,Tuesday,,16
25/05/2021,Tuesday,,25
25/05/2021,Tuesday,,17
25/05/2021,Tuesday,,14
25/05/2021,Tuesday,,6
25/05/2021,Tuesday,,6
25/05/2021,Tuesday,,8
26/05/2021,Wednesday,,5
26/05/2021,Wednesday,,4
26/05/2021,Wednesday,,0
26/05/2021,Wednesday,,3
26/05/2021,Wednesday,,2
26/05/2021,Wednesday,,6
26/05/2021,Wednesday,,2
26/05/2021,Wednesday,,2
26/05/2021,Wednesday,,4
26/05/2021,Wednesday,,4
26/05/2021,Wednesday,,3
26/05/2021,Wednesday,,7
26/05/2021,Wednesday,,7
26/05/2021,Wednesday,,3
26/05/2021,Wednesday,,2
26/05/2021,Wednesday,,2
26/05/2021,Wednesday,,2
26/05/2021,Wednesday,,5
26/05/2021,Wednesday,,13
26/05/2021,Wednesday,,8
26/05/2021,Wednesday,,10
26/05/2021,Wednesday,,25
26/05/2021,Wednesday,,20
26/05/2021,Wednesday,,25
26/05/2021,Wednesday,,50
26/05/2021,Wednesday,,43
26/05/2021,Wednesday,,57
26/05/2021,Wednesday,,73
26/05/2021,Wednesday,,92
26/05/2021,Wednesday,,117
26/05/2021,Wednesday,,156
26/05/2021,Wednesday,,168
26/05/2021,Wednesday,,162
26/05/2021,Wednesday,,131
26/05/2021,Wednesday,,149
26/05/2021,Wednesday,,140
26/05/2021,Wednesday,,135
26/05/2021,Wednesday,,115
26/05/2021,Wednesday,,149
26/05/2021,Wednesday,,121
26/05/2021,Wednesday,,133
26/05/2021,Wednesday,,141
26/05/2021,Wednesday,,140
26/05/2021,Wednesday,,149
26/05/2021,Wednesday,,138
26/05/2021,Wednesday,,141
26/05/2021,Wednesday,,171
26/05/2021,Wednesday,,133
26/05/2021,Wednesday,,132
26/05/2021,Wednesday,,160
26/05/2021,Wednesday,,149
26/05/2021,Wednesday,,132
26/05/2021,Wednesday,,150
26/05/2021,Wednesday,,160
26/05/2021,Wednesday,,143
26/05/2021,Wednesday,,109
26/05/2021,Wednesday,,147
26/05/2021,Wednesday,,121
26/05/2021,Wednesday,,144
26/05/2021,Wednesday,,126
26/05/2021,Wednesday,,120
26/05/2021,Wednesday,,132
26/05/2021,Wednesday,,129
26/05/2021,Wednesday,,157
26/05/2021,Wednesday,,176
26/05/2021,Wednesday,,200
26/05/2021,Wednesday,,160
26/05/2021,Wednesday,,174
26/05/2021,Wednesday,,164
26/05/2021,Wednesday,,177
26/05/2021,Wednesday,,177
26/05/2021,Wednesday,,151
26/05/2021,Wednesday,,153
26/05/2021,Wednesday,,141
26/05/2021,Wednesday,,113
26/05/2021,Wednesday,,93
26/05/2021,Wednesday,,83
26/05/2021,Wednesday,,98
26/05/2021,Wednesday,,59
26/05/2021,Wednesday,,59
26/05/2021,Wednesday,,48
26/05/2021,Wednesday,,59
26/05/2021,Wednesday,,32
26/05/2021,Wednesday,,43
26/05/2021,Wednesday,,47
26/05/2021,Wednesday,,37
26/05/2021,Wednesday,,38
26/05/2021,Wednesday,,19
26/05/2021,Wednesday,,29
26/05/2021,Wednesday,,29
26/05/2021,Wednesday,,31
26/05/2021,Wednesday,,21
26/05/2021,Wednesday,,8
26/05/2021,Wednesday,,9
26/05/2021,Wednesday,,13
26/05/2021,Wednesday,,3
27/05/2021,Thursday,,15
27/05/2021,Thursday,,3
27/05/2021,Thursday,,9
27/05/2021,Thursday,,3
27/05/2021,Thursday,,7
27/05/2021,Thursday,,2
27/05/2021,Thursday,,6
27/05/2021,Thursday,,3
27/05/2021,Thursday,,5
27/05/2021,Thursday,,3
27/05/2021,Thursday,,1
27/05/2021,Thursday,,5
27/05/2021,Thursday,,5
27/05/2021,Thursday,,7
27/05/2021,Thursday,,3
27/05/2021,Thursday,,7
27/05/2021,Thursday,,4
27/05/2021,Thursday,,3
27/05/2021,Thursday,,13
27/05/2021,Thursday,,6
27/05/2021,Thursday,,8
27/05/2021,Thursday,,16
27/05/2021,Thursday,,15
27/05/2021,Thursday,,26
27/05/2021,Thursday,,52
27/05/2021,Thursday,,38
27/05/2021,Thursday,,49
27/05/2021,Thursday,,71
27/05/2021,Thursday,,93
27/05/2021,Thursday,,142
27/05/2021,Thursday,,158
27/05/2021,Thursday,,164
27/05/2021,Thursday,,158
27/05/2021,Thursday,,177
27/05/2021,Thursday,,157
27/05/2021,Thursday,,150
27/05/2021,Thursday,,180
27/05/2021,Thursday,,121
27/05/2021,Thursday,,138
27/05/2021,Thursday,,168
27/05/2021,Thursday,,157
27/05/2021,Thursday,,179
27/05/2021,Thursday,,167
27/05/2021,Thursday,,194
27/05/2021,Thursday,,163
27/05/2021,Thursday,,203
27/05/2021,Thursday,,208
27/05/2021,Thursday,,138
27/05/2021,Thursday,,167
27/05/2021,Thursday,,194
27/05/2021,Thursday,,167
27/05/2021,Thursday,,152
27/05/2021,Thursday,,169
27/05/2021,Thursday,,159
27/05/2021,Thursday,,178
27/05/2021,Thursday,,139
27/05/2021,Thursday,,138
27/05/2021,Thursday,,148
27/05/2021,Thursday,,145
27/05/2021,Thursday,,174
27/05/2021,Thursday,,149
27/05/2021,Thursday,,153
27/05/2021,Thursday,,143
27/05/2021,Thursday,,123
27/05/2021,Thursday,,196
27/05/2021,Thursday,,187
27/05/2021,Thursday,,192
27/05/2021,Thursday,,214
27/05/2021,Thursday,,163
27/05/2021,Thursday,,183
27/05/2021,Thursday,,185
27/05/2021,Thursday,,126
27/05/2021,Thursday,,180
27/05/2021,Thursday,,171
27/05/2021,Thursday,,141
27/05/2021,Thursday,,125
27/05/2021,Thursday,,94
27/05/2021,Thursday,,112
27/05/2021,Thursday,,94
27/05/2021,Thursday,,87
27/05/2021,Thursday,,77
27/05/2021,Thursday,,69
27/05/2021,Thursday,,63
27/05/2021,Thursday,,52
27/05/2021,Thursday,,62
27/05/2021,Thursday,,58
27/05/2021,Thursday,,51
27/05/2021,Thursday,,31
27/05/2021,Thursday,,35
27/05/2021,Thursday,,28
27/05/2021,Thursday,,34
27/05/2021,Thursday,,19
27/05/2021,Thursday,,17
27/05/2021,Thursday,,19
27/05/2021,Thursday,,11
27/05/2021,Thursday,,10
28/05/2021,Friday,,10
28/05/2021,Friday,,8
28/05/2021,Friday,,10
28/05/2021,Friday,,5
28/05/2021,Friday,,6
28/05/2021,Friday,,12
28/05/2021,Friday,,7
28/05/2021,Friday,,6
28/05/2021,Friday,,9
28/05/2021,Friday,,6
28/05/2021,Friday,,2
28/05/2021,Friday,,1
28/05/2021,Friday,,1
28/05/2021,Friday,,6
28/05/2021,Friday,,4
28/05/2021,Friday,,3
28/05/2021,Friday,,8
28/05/2021,Friday,,3
28/05/2021,Friday,,15
28/05/2021,Friday,,10
28/05/2021,Friday,,7
28/05/2021,Friday,,22
28/05/2021,Friday,,18
28/05/2021,Friday,,20
28/05/2021,Friday,,37
28/05/2021,Friday,,39
28/05/2021,Friday,,56
28/05/2021,Friday,,74
28/05/2021,Friday,,78
28/05/2021,Friday,,130
28/05/2021,Friday,,155
28/05/2021,Friday,,150
28/05/2021,Friday,,147
28/05/2021,Friday,,168
28/05/2021,Friday,,150
28/05/2021,Friday,,153
28/05/2021,Friday,,189
28/05/2021,Friday,,134
28/05/2021,Friday,,160
28/05/2021,Friday,,164
28/05/2021,Friday,,184
28/05/2021,Friday,,168
28/05/2021,Friday,,229
28/05/2021,Friday,,165
28/05/2021,Friday,,216
28/05/2021,Friday,,188
28/05/2021,Friday,,210
28/05/2021,Friday,,249
28/05/2021,Friday,,186
28/05/2021,Friday,,210
28/05/2021,Friday,,208
28/05/2021,Friday,,222
28/05/2021,Friday,,203
28/05/2021,Friday,,250
28/05/2021,Friday,,200
28/05/2021,Friday,,211
28/05/2021,Friday,,226
28/05/2021,Friday,,227
28/05/2021,Friday,,220
28/05/2021,Friday,,205
28/05/2021,Friday,,231
28/05/2021,Friday,,264
28/05/2021,Friday,,258
28/05/2021,Friday,,229
28/05/2021,Friday,,247
28/05/2021,Friday,,245
28/05/2021,Friday,,271
28/05/2021,Friday,,265
28/05/2021,Friday,,267
28/05/2021,Friday,,260
28/05/2021,Friday,,267
28/05/2021,Friday,,215
28/05/2021,Friday,,257
28/05/2021,Friday,,275
28/05/2021,Friday,,239
28/05/2021,Friday,,199
28/05/2021,Friday,,215
28/05/2021,Friday,,201
28/05/2021,Friday,,200
28/05/2021,Friday,,238
28/05/2021,Friday,,168
28/05/2021,Friday,,149
28/05/2021,Friday,,178
28/05/2021,Friday,,142
28/05/2021,Friday,,167
28/05/2021,Friday,,73
28/05/2021,Friday,,98
28/05/2021,Friday,,83
28/05/2021,Friday,,57
28/05/2021,Friday,,33
28/05/2021,Friday,,50
28/05/2021,Friday,,41
28/05/2021,Friday,,28
28/05/2021,Friday,,37
28/05/2021,Friday,,29
28/05/2021,Friday,,19
29/05/2021,Saturday,,33
29/05/2021,Saturday,,13
29/05/2021,Saturday,,21
29/05/2021,Saturday,,10
29/05/2021,Saturday,,10
29/05/2021,Saturday,,5
29/05/2021,Saturday,,16
29/05/2021,Saturday,,3
29/05/2021,Saturday,,3
29/05/2021,Saturday,,7
29/05/2021,Saturday,,7
29/05/2021,Saturday,,8
29/05/2021,Saturday,,7
29/05/2021,Saturday,,6
29/05/2021,Saturday,,4
29/05/2021,Saturday,,5
29/05/2021,Saturday,,8
29/05/2021,Saturday,,6
29/05/2021,Saturday,,8
29/05/2021,Saturday,,12
29/05/2021,Saturday,,9
29/05/2021,Saturday,,6
29/05/2021,Saturday,,14
29/05/2021,Saturday,,20
29/05/2021,Saturday,,22
29/05/2021,Saturday,,35
29/05/2021,Saturday,,42
29/05/2021,Saturday,,37
29/05/2021,Saturday,,42
29/05/2021,Saturday,,60
29/05/2021,Saturday,,54
29/05/2021,Saturday,,87
29/05/2021,Saturday,,96
29/05/2021,Saturday,,
29/05/2021,Saturday,,
29/05/2021,Saturday,,
29/05/2021,Saturday,,
29/05/2021,Saturday,,
29/05/2021,Saturday,,
29/05/2021,Saturday,,
29/05/2021,Saturday,,
29/05/2021,Saturday,,
29/05/2021,Saturday,,
29/05/2021,Saturday,,
29/05/2021,Saturday,,
29/05/2021,Saturday,,
29/05/2021,Saturday,,
29/05/2021,Saturday,,
29/05/2021,Saturday,,
29/05/2021,Saturday,,
29/05/2021,Saturday,,
29/05/2021,Saturday,,
29/05/2021,Saturday,,
29/05/2021,Saturday,,
29/05/2021,Saturday,,
29/05/2021,Saturday,,
29/05/2021,Saturday,,
29/05/2021,Saturday,,
29/05/2021,Saturday,,
29/05/2021,Saturday,,
29/05/2021,Saturday,,
29/05/2021,Saturday,,
29/05/2021,Saturday,,
29/05/2021,Saturday,,
29/05/2021,Saturday,,
29/05/2021,Saturday,,
29/05/2021,Saturday,,
29/05/2021,Saturday,,
29/05/2021,Saturday,,
29/05/2021,Saturday,,
29/05/2021,Saturday,,
29/05/2021,Saturday,,
29/05/2021,Saturday,,
29/05/2021,Saturday,,
29/05/2021,Saturday,,
29/05/2021,Saturday,,
29/05/2021,Saturday,,
29/05/2021,Saturday,,
29/05/2021,Saturday,,
29/05/2021,Saturday,,
29/05/2021,Saturday,,
29/05/2021,Saturday,,
29/05/2021,Saturday,,
29/05/2021,Saturday,,
29/05/2021,Saturday,,
29/05/2021,Saturday,,
29/05/2021,Saturday,,
29/05/2021,Saturday,,
29/05/2021,Saturday,,
29/05/2021,Saturday,,
29/05/2021,Saturday,,
29/05/2021,Saturday,,
29/05/2021,Saturday,,
29/05/2021,Saturday,,
29/05/2021,Saturday,,
29/05/2021,Saturday,,
30/05/2021,Sunday,,
30/05/2021,Sunday,,
30/05/2021,Sunday,,
30/05/2021,Sunday,,
30/05/2021,Sunday,,
30/05/2021,Sunday,,
30/05/2021,Sunday,,
30/05/2021,Sunday,,
30/05/2021,Sunday,,
30/05/2021,Sunday,,
30/05/2021,Sunday,,
30/05/2021,Sunday,,
30/05/2021,Sunday,,
30/05/2021,Sunday,,
30/05/2021,Sunday,,
30/05/2021,Sunday,,
30/05/2021,Sunday,,
30/05/2021,Sunday,,
30/05/2021,Sunday,,
30/05/2021,Sunday,,
30/05/2021,Sunday,,
30/05/2021,Sunday,,
30/05/2021,Sunday,,
30/05/2021,Sunday,,
30/05/2021,Sunday,,
30/05/2021,Sunday,,
30/05/2021,Sunday,,
30/05/2021,Sunday,,
30/05/2021,Sunday,,
30/05/2021,Sunday,,
30/05/2021,Sunday,,
30/05/2021,Sunday,,
30/05/2021,Sunday,,
30/05/2021,Sunday,,
30/05/2021,Sunday,,
30/05/2021,Sunday,,
30/05/2021,Sunday,,
30/05/2021,Sunday,,
30/05/2021,Sunday,,
30/05/2021,Sunday,,
30/05/2021,Sunday,,
30/05/2021,Sunday,,
30/05/2021,Sunday,,
30/05/2021,Sunday,,
30/05/2021,Sunday,,
30/05/2021,Sunday,,
30/05/2021,Sunday,,
30/05/2021,Sunday,,
30/05/2021,Sunday,,
30/05/2021,Sunday,,
30/05/2021,Sunday,,
30/05/2021,Sunday,,
30/05/2021,Sunday,,
30/05/2021,Sunday,,
30/05/2021,Sunday,,
30/05/2021,Sunday,,
30/05/2021,Sunday,,
30/05/2021,Sunday,,
30/05/2021,Sunday,,
30/05/2021,Sunday,,
30/05/2021,Sunday,,
30/05/2021,Sunday,,
30/05/2021,Sunday,,
30/05/2021,Sunday,,
30/05/2021,Sunday,,
30/05/2021,Sunday,,
30/05/2021,Sunday,,
30/05/2021,Sunday,,
30/05/2021,Sunday,,
30/05/2021,Sunday,,
30/05/2021,Sunday,,
30/05/2021,Sunday,,
30/05/2021,Sunday,,
30/05/2021,Sunday,,
30/05/2021,Sunday,,
30/05/2021,Sunday,,
30/05/2021,Sunday,,
30/05/2021,Sunday,,
30/05/2021,Sunday,,
30/05/2021,Sunday,,
30/05/2021,Sunday,,
30/05/2021,Sunday,,
30/05/2021,Sunday,,
30/05/2021,Sunday,,
30/05/2021,Sunday,,
30/05/2021,Sunday,,
30/05/2021,Sunday,,
30/05/2021,Sunday,,
30/05/2021,Sunday,,
30/05/2021,Sunday,,
30/05/2021,Sunday,,
30/05/2021,Sunday,,
30/05/2021,Sunday,,
30/05/2021,Sunday,,
30/05/2021,Sunday,,
30/05/2021,Sunday,,
31/05/2021,Monday,,
31/05/2021,Monday,,
31/05/2021,Monday,,
31/05/2021,Monday,,
31/05/2021,Monday,,8
31/05/2021,Monday,,5
31/05/2021,Monday,,3
31/05/2021,Monday,,2
31/05/2021,Monday,,0
31/05/2021,Monday,,3
31/05/2021,Monday,,4
31/05/2021,Monday,,1
31/05/2021,Monday,,2
31/05/2021,Monday,,1
31/05/2021,Monday,,2
31/05/2021,Monday,,6
31/05/2021,Monday,,5
31/05/2021,Monday,,7
31/05/2021,Monday,,3
31/05/2021,Monday,,4
31/05/2021,Monday,,4
31/05/2021,Monday,,10
31/05/2021,Monday,,10
31/05/2021,Monday,,12
31/05/2021,Monday,,19
31/05/2021,Monday,,16
31/05/2021,Monday,,34
31/05/2021,Monday,,25
31/05/2021,Monday,,35
31/05/2021,Monday,,39
31/05/2021,Monday,,47
31/05/2021,Monday,,61
31/05/2021,Monday,,82
31/05/2021,Monday,,104
31/05/2021,Monday,,151
31/05/2021,Monday,,203
31/05/2021,Monday,,229
31/05/2021,Monday,,263
31/05/2021,Monday,,273
31/05/2021,Monday,,277
31/05/2021,Monday,,225
31/05/2021,Monday,,244
31/05/2021,Monday,,219
31/05/2021,Monday,,288
31/05/2021,Monday,,244
31/05/2021,Monday,,282
31/05/2021,Monday,,287
31/05/2021,Monday,,287
31/05/2021,Monday,,254
31/05/2021,Monday,,314
31/05/2021,Monday,,288
31/05/2021,Monday,,317
31/05/2021,Monday,,283
31/05/2021,Monday,,316
31/05/2021,Monday,,283
31/05/2021,Monday,,295
31/05/2021,Monday,,286
31/05/2021,Monday,,292
31/05/2021,Monday,,277
31/05/2021,Monday,,275
31/05/2021,Monday,,283
31/05/2021,Monday,,234
31/05/2021,Monday,,219
31/05/2021,Monday,,237
31/05/2021,Monday,,182
31/05/2021,Monday,,193
31/05/2021,Monday,,183
31/05/2021,Monday,,168
31/05/2021,Monday,,152
31/05/2021,Monday,,141
31/05/2021,Monday,,130
31/05/2021,Monday,,135
31/05/2021,Monday,,122
31/05/2021,Monday,,128
31/05/2021,Monday,,95
31/05/2021,Monday,,121
31/05/2021,Monday,,69
31/05/2021,Monday,,87
31/05/2021,Monday,,68
31/05/2021,Monday,,65
31/05/2021,Monday,,53
31/05/2021,Monday,,66
31/05/2021,Monday,,56
31/05/2021,Monday,,57
31/05/2021,Monday,,42
31/05/2021,Monday,,43
31/05/2021,Monday,,35
31/05/2021,Monday,,35
31/05/2021,Monday,,22
31/05/2021,Monday,,25
31/05/2021,Monday,,12
31/05/2021,Monday,,15
31/05/2021,Monday,,15
31/05/2021,Monday,,15
31/05/2021,Monday,,12
31/05/2021,Monday,,9
01/05/2021,Saturday,,14
01/05/2021,Saturday,,10
01/05/2021,Saturday,,10
01/05/2021,Saturday,,8
01/05/2021,Saturday,,3
01/05/2021,Saturday,,10
01/05/2021,Saturday,,9
01/05/2021,Saturday,,3
01/05/2021,Saturday,,1
01/05/2021,Saturday,,3
01/05/2021,Saturday,,5
01/05/2021,Saturday,,6
01/05/2021,Saturday,,5
01/05/2021,Saturday,,2
01/05/2021,Saturday,,1
01/05/2021,Saturday,,7
01/05/2021,Saturday,,5
01/05/2021,Saturday,,4
01/05/2021,Saturday,,13
01/05/2021,Saturday,,9
01/05/2021,Saturday,,13
01/05/2021,Saturday,,24
01/05/2021,Saturday,,29
01/05/2021,Saturday,,17
01/05/2021,Saturday,,25
01/05/2021,Saturday,,27
01/05/2021,Saturday,,40
01/05/2021,Saturday,,38
01/05/2021,Saturday,,58
01/05/2021,Saturday,,66
01/05/2021,Saturday,,70
01/05/2021,Saturday,,115
01/05/2021,Saturday,,117
01/05/2021,Saturday,,142
01/05/2021,Saturday,,169
01/05/2021,Saturday,,215
01/05/2021,Saturday,,234
01/05/2021,Saturday,,250
01/05/2021,Saturday,,270
01/05/2021,Saturday,,
01/05/2021,Saturday,,
01/05/2021,Saturday,,
01/05/2021,Saturday,,
01/05/2021,Saturday,,
01/05/2021,Saturday,,
01/05/2021,Saturday,,
01/05/2021,Saturday,,
01/05/2021,Saturday,,
01/05/2021,Saturday,,
01/05/2021,Saturday,,
01/05/2021,Saturday,,
01/05/2021,Saturday,,
01/05/2021,Saturday,,
01/05/2021,Saturday,,
01/05/2021,Saturday,,
01/05/2021,Saturday,,
01/05/2021,Saturday,,
01/05/2021,Saturday,,
01/05/2021,Saturday,,
01/05/2021,Saturday,,
01/05/2021,Saturday,,
01/05/2021,Saturday,,
01/05/2021,Saturday,,
01/05/2021,Saturday,,
01/05/2021,Saturday,,
01/05/2021,Saturday,,
01/05/2021,Saturday,,
01/05/2021,Saturday,,
01/05/2021,Saturday,,
01/05/2021,Saturday,,
01/05/2021,Saturday,,
01/05/2021,Saturday,,
01/05/2021,Saturday,,
01/05/2021,Saturday,,
01/05/2021,Saturday,,
01/05/2021,Saturday,,
01/05/2021,Saturday,,
01/05/2021,Saturday,,
01/05/2021,Saturday,,
01/05/2021,Saturday,,
01/05/2021,Saturday,,
01/05/2021,Saturday,,
01/05/2021,Saturday,,
01/05/2021,Saturday,,
01/05/2021,Saturday,,
01/05/2021,Saturday,,
01/05/2021,Saturday,,
01/05/2021,Saturday,,
01/05/2021,Saturday,,
01/05/2021,Saturday,,
01/05/2021,Saturday,,
01/05/2021,Saturday,,
01/05/2021,Saturday,,
01/05/2021,Saturday,,
01/05/2021,Saturday,,
01/05/2021,Saturday,,
02/05/2021,Sunday,,
02/05/2021,Sunday,,
02/05/2021,Sunday,,
02/05/2021,Sunday,,
02/05/2021,Sunday,,
02/05/2021,Sunday,,
02/05/2021,Sunday,,
02/05/2021,Sunday,,
02/05/2021,Sunday,,
02/05/2021,Sunday,,
02/05/2021,Sunday,,
02/05/2021,Sunday,,
02/05/2021,Sunday,,
02/05/2021,Sunday,,
02/05/2021,Sunday,,
02/05/2021,Sunday,,
02/05/2021,Sunday,,
02/05/2021,Sunday,,
02/05/2021,Sunday,,
02/05/2021,Sunday,,
02/05/2021,Sunday,,
02/05/2021,Sunday,,
02/05/2021,Sunday,,
02/05/2021,Sunday,,
02/05/2021,Sunday,,
02/05/2021,Sunday,,
02/05/2021,Sunday,,
02/05/2021,Sunday,,
02/05/2021,Sunday,,
02/05/2021,Sunday,,
02/05/2021,Sunday,,
02/05/2021,Sunday,,
02/05/2021,Sunday,,
02/05/2021,Sunday,,
02/05/2021,Sunday,,
02/05/2021,Sunday,,
02/05/2021,Sunday,,
02/05/2021,Sunday,,
02/05/2021,Sunday,,
02/05/2021,Sunday,,
02/05/2021,Sunday,,
02/05/2021,Sunday,,
02/05/2021,Sunday,,
02/05/2021,Sunday,,
02/05/2021,Sunday,,
02/05/2021,Sunday,,
02/05/2021,Sunday,,
02/05/2021,Sunday,,
02/05/2021,Sunday,,
02/05/2021,Sunday,,
02/05/2021,Sunday,,
02/05/2021,Sunday,,
02/05/2021,Sunday,,
02/05/2021,Sunday,,
02/05/2021,Sunday,,
02/05/2021,Sunday,,
02/05/2021,Sunday,,
02/05/2021,Sunday,,
02/05/2021,Sunday,,
02/05/2021,Sunday,,
02/05/2021,Sunday,,
02/05/2021,Sunday,,
02/05/2021,Sunday,,
02/05/2021,Sunday,,
02/05/2021,Sunday,,
02/05/2021,Sunday,,
02/05/2021,Sunday,,
02/05/2021,Sunday,,
02/05/2021,Sunday,,
02/05/2021,Sunday,,
02/05/2021,Sunday,,
02/05/2021,Sunday,,
02/05/2021,Sunday,,
02/05/2021,Sunday,,
02/05/2021,Sunday,,
02/05/2021,Sunday,,
02/05/2021,Sunday,,
02/05/2021,Sunday,,
02/05/2021,Sunday,,
02/05/2021,Sunday,,
02/05/2021,Sunday,,
02/05/2021,Sunday,,
02/05/2021,Sunday,,
02/05/2021,Sunday,,
02/05/2021,Sunday,,
02/05/2021,Sunday,,
02/05/2021,Sunday,,
02/05/2021,Sunday,,
02/05/2021,Sunday,,
02/05/2021,Sunday,,
02/05/2021,Sunday,,
02/05/2021,Sunday,,
02/05/2021,Sunday,,
02/05/2021,Sunday,,
02/05/2021,Sunday,,
02/05/2021,Sunday,,
03/05/2021,Monday,,
03/05/2021,Monday,,
03/05/2021,Monday,,
03/05/2021,Monday,,
03/05/2021,Monday,,6
03/05/2021,Monday,,7
03/05/2021,Monday,,4
03/05/2021,Monday,,10
03/05/2021,Monday,,4
03/05/2021,Monday,,3
03/05/2021,Monday,,2
03/05/2021,Monday,,4
03/05/2021,Monday,,1
03/05/2021,Monday,,3
03/05/2021,Monday,,4
03/05/2021,Monday,,9
03/05/2021,Monday,,6
03/05/2021,Monday,,9
03/05/2021,Monday,,15
03/05/2021,Monday,,5
03/05/2021,Monday,,15
03/05/2021,Monday,,17
03/05/2021,Monday,,27
03/05/2021,Monday,,15
03/05/2021,Monday,,14
03/05/2021,Monday,,28
03/05/2021,Monday,,27
03/05/2021,Monday,,33
03/05/2021,Monday,,41
03/05/2021,Monday,,61
03/05/2021,Monday,,83
03/05/2021,Monday,,88
03/05/2021,Monday,,83
03/05/2021,Monday,,84
03/05/2021,Monday,,99
03/05/2021,Monday,,110
03/05/2021,Monday,,126
03/05/2021,Monday,,159
03/05/2021,Monday,,193
03/05/2021,Monday,,211
03/05/2021,Monday,,208
03/05/2021,Monday,,248
03/05/2021,Monday,,241
03/05/2021,Monday,,210
03/05/2021,Monday,,238
03/05/2021,Monday,,229
03/05/2021,Monday,,227
03/05/2021,Monday,,196
03/05/2021,Monday,,211
03/05/2021,Monday,,224
03/05/2021,Monday,,225
03/05/2021,Monday,,194
03/05/2021,Monday,,180
03/05/2021,Monday,,199
03/05/2021,Monday,,194
03/05/2021,Monday,,206
03/05/2021,Monday,,198
03/05/2021,Monday,,204
03/05/2021,Monday,,196
03/05/2021,Monday,,191
03/05/2021,Monday,,197
03/05/2021,Monday,,202
03/05/2021,Monday,,193
03/05/2021,Monday,,179
03/05/2021,Monday,,144
03/05/2021,Monday,,156
03/05/2021,Monday,,142
03/05/2021,Monday,,133
03/05/2021,Monday,,140
03/05/2021,Monday,,108
03/05/2021,Monday,,114
03/05/2021,Monday,,113
03/05/2021,Monday,,107
03/05/2021,Monday,,95
03/05/2021,Monday,,76
03/05/2021,Monday,,60
03/05/2021,Monday,,78
03/05/2021,Monday,,57
03/05/2021,Monday,,57
03/05/2021,Monday,,53
03/05/2021,Monday,,43
03/05/2021,Monday,,62
03/05/2021,Monday,,61
03/05/2021,Monday,,45
03/05/2021,Monday,,26
03/05/2021,Monday,,29
03/05/2021,Monday,,28
03/05/2021,Monday,,23
03/05/2021,Monday,,18
03/05/2021,Monday,,23
03/05/2021,Monday,,17
03/05/2021,Monday,,13
03/05/2021,Monday,,14
03/05/2021,Monday,,7
03/05/2021,Monday,,11
03/05/2021,Monday,,8
04/05/2021,Tuesday,,9
04/05/2021,Tuesday,,7
04/05/2021,Tuesday,,2
04/05/2021,Tuesday,,2
04/05/2021,Tuesday,,4
04/05/2021,Tuesday,,4
04/05/2021,Tuesday,,1
04/05/2021,Tuesday,,3
04/05/2021,Tuesday,,3
04/05/2021,Tuesday,,7
04/05/2021,Tuesday,,1
04/05/2021,Tuesday,,2
04/05/2021,Tuesday,,2
04/05/2021,Tuesday,,2
04/05/2021,Tuesday,,6
04/05/2021,Tuesday,,2
04/05/2021,Tuesday,,3
04/05/2021,Tuesday,,7
04/05/2021,Tuesday,,11
04/05/2021,Tuesday,,15
04/05/2021,Tuesday,,20
04/05/2021,Tuesday,,30
04/05/2021,Tuesday,,40
04/05/2021,Tuesday,,46
04/05/2021,Tuesday,,36
04/05/2021,Tuesday,,60
04/05/2021,Tuesday,,65
04/05/2021,Tuesday,,125
04/05/2021,Tuesday,,142
04/05/2021,Tuesday,,185
04/05/2021,Tuesday,,198
04/05/2021,Tuesday,,204
04/05/2021,Tuesday,,211
04/05/2021,Tuesday,,214
04/05/2021,Tuesday,,201
04/05/2021,Tuesday,,207
04/05/2021,Tuesday,,105
04/05/2021,Tuesday,,204
04/05/2021,Tuesday,,159
04/05/2021,Tuesday,,159
04/05/2021,Tuesday,,149
04/05/2021,Tuesday,,164
04/05/2021,Tuesday,,170
04/05/2021,Tuesday,,154
04/05/2021,Tuesday,,135
04/05/2021,Tuesday,,153
04/05/2021,Tuesday,,131
04/05/2021,Tuesday,,199
04/05/2021,Tuesday,,169
04/05/2021,Tuesday,,158
04/05/2021,Tuesday,,159
04/05/2021,Tuesday,,174
04/05/2021,Tuesday,,136
04/05/2021,Tuesday,,202
04/05/2021,Tuesday,,141
04/05/2021,Tuesday,,158
04/05/2021,Tuesday,,182
04/05/2021,Tuesday,,187
04/05/2021,Tuesday,,136
04/05/2021,Tuesday,,159
04/05/2021,Tuesday,,197
04/05/2021,Tuesday,,155
04/05/2021,Tuesday,,158
04/05/2021,Tuesday,,171
04/05/2021,Tuesday,,173
04/05/2021,Tuesday,,192
04/05/2021,Tuesday,,171
04/05/2021,Tuesday,,192
04/05/2021,Tuesday,,170
04/05/2021,Tuesday,,247
04/05/2021,Tuesday,,186
04/05/2021,Tuesday,,192
04/05/2021,Tuesday,,144
04/05/2021,Tuesday,,128
04/05/2021,Tuesday,,135
04/05/2021,Tuesday,,98
04/05/2021,Tuesday,,100
04/05/2021,Tuesday,,104
04/05/2021,Tuesday,,84
04/05/2021,Tuesday,,75
04/05/2021,Tuesday,,89
04/05/2021,Tuesday,,64
04/05/2021,Tuesday,,53
04/05/2021,Tuesday,,50
04/05/2021,Tuesday,,38
04/05/2021,Tuesday,,46
04/05/2021,Tuesday,,34
04/05/2021,Tuesday,,33
04/05/2021,Tuesday,,42
04/05/2021,Tuesday,,24
04/05/2021,Tuesday,,18
04/05/2021,Tuesday,,11
04/05/2021,Tuesday,,12
04/05/2021,Tuesday,,15
04/05/2021,Tuesday,,15
04/05/2021,Tuesday,,8
05/05/2021,Wednesday,,8
05/05/2021,Wednesday,,11
05/05/2021,Wednesday,,4
05/05/2021,Wednesday,,8
05/05/2021,Wednesday,,6
05/05/2021,Wednesday,,10
05/05/2021,Wednesday,,2
05/05/2021,Wednesday,,4
05/05/2021,Wednesday,,9
05/05/2021,Wednesday,,3
05/05/2021,Wednesday,,3
05/05/2021,Wednesday,,0
05/05/2021,Wednesday,,8
05/05/2021,Wednesday,,5
05/05/2021,Wednesday,,8
05/05/2021,Wednesday,,4
05/05/2021,Wednesday,,8
05/05/2021,Wednesday,,12
05/05/2021,Wednesday,,15
05/05/2021,Wednesday,,15
05/05/2021,Wednesday,,17
05/05/2021,Wednesday,,26
05/05/2021,Wednesday,,32
05/05/2021,Wednesday,,34
05/05/2021,Wednesday,,32
05/05/2021,Wednesday,,64
05/05/2021,Wednesday,,82
05/05/2021,Wednesday,,102
05/05/2021,Wednesday,,156
05/05/2021,Wednesday,,208
05/05/2021,Wednesday,,168
05/05/2021,Wednesday,,247
05/05/2021,Wednesday,,221
05/05/2021,Wednesday,,244
05/05/2021,Wednesday,,196
05/05/2021,Wednesday,,203
05/05/2021,Wednesday,,165
05/05/2021,Wednesday,,220
05/05/2021,Wednesday,,198
05/05/2021,Wednesday,,218
05/05/2021,Wednesday,,167
05/05/2021,Wednesday,,193
05/05/2021,Wednesday,,181
05/05/2021,Wednesday,,217
05/05/2021,Wednesday,,198
05/05/2021,Wednesday,,171
05/05/2021,Wednesday,,182
05/05/2021,Wednesday,,205
05/05/2021,Wednesday,,197
05/05/2021,Wednesday,,153
05/05/2021,Wednesday,,175
05/05/2021,Wednesday,,173
05/05/2021,Wednesday,,183
05/05/2021,Wednesday,,153
05/05/2021,Wednesday,,209
05/05/2021,Wednesday,,158
05/05/2021,Wednesday,,149
05/05/2021,Wednesday,,174
05/05/2021,Wednesday,,187
05/05/2021,Wednesday,,157
05/05/2021,Wednesday,,173
05/05/2021,Wednesday,,171
05/05/2021,Wednesday,,169
05/05/2021,Wednesday,,166
05/05/2021,Wednesday,,177
05/05/2021,Wednesday,,173
05/05/2021,Wednesday,,195
05/05/2021,Wednesday,,175
05/05/2021,Wednesday,,206
05/05/2021,Wednesday,,241
05/05/2021,Wednesday,,188
05/05/2021,Wednesday,,196
05/05/2021,Wednesday,,172
05/05/2021,Wednesday,,149
05/05/2021,Wednesday,,133
05/05/2021,Wednesday,,111
05/05/2021,Wednesday,,91
05/05/2021,Wednesday,,105
05/05/2021,Wednesday,,73
05/05/2021,Wednesday,,79
05/05/2021,Wednesday,,71
05/05/2021,Wednesday,,69
05/05/2021,Wednesday,,66
05/05/2021,Wednesday,,62
05/05/2021,Wednesday,,28
05/05/2021,Wednesday,,33
05/05/2021,Wednesday,,33
05/05/2021,Wednesday,,27
05/05/2021,Wednesday,,22
05/05/2021,Wednesday,,27
05/05/2021,Wednesday,,14
05/05/2021,Wednesday,,14
05/05/2021,Wednesday,,11
05/05/2021,Wednesday,,9
05/05/2021,Wednesday,,11
05/05/2021,Wednesday,,13
06/05/2021,Thursday,,11
06/05/2021,Thursday,,10
06/05/2021,Thursday,,9
06/05/2021,Thursday,,8
06/05/2021,Thursday,,3
06/05/2021,Thursday,,7
06/05/2021,Thursday,,3
06/05/2021,Thursday,,5
06/05/2021,Thursday,,2
06/05/2021,Thursday,,4
06/05/2021,Thursday,,4
06/05/2021,Thursday,,5
06/05/2021,Thursday,,5
06/05/2021,Thursday,,4
06/05/2021,Thursday,,7
06/05/2021,Thursday,,4
06/05/2021,Thursday,,8
06/05/2021,Thursday,,9
06/05/2021,Thursday,,10
06/05/2021,Thursday,,11
06/05/2021,Thursday,,17
06/05/2021,Thursday,,35
06/05/2021,Thursday,,46
06/05/2021,Thursday,,24
06/05/2021,Thursday,,47
06/05/2021,Thursday,,60
06/05/2021,Thursday,,91
06/05/2021,Thursday,,119
06/05/2021,Thursday,,144
06/05/2021,Thursday,,176
06/05/2021,Thursday,,142
06/05/2021,Thursday,,273
06/05/2021,Thursday,,223
06/05/2021,Thursday,,257
06/05/2021,Thursday,,209
06/05/2021,Thursday,,182
06/05/2021,Thursday,,184
06/05/2021,Thursday,,196
06/05/2021,Thursday,,210
06/05/2021,Thursday,,200
06/05/2021,Thursday,,198
06/05/2021,Thursday,,224
06/05/2021,Thursday,,201
06/05/2021,Thursday,,200
06/05/2021,Thursday,,217
06/05/2021,Thursday,,182
06/05/2021,Thursday,,190
06/05/2021,Thursday,,189
06/05/2021,Thursday,,170
06/05/2021,Thursday,,129
06/05/2021,Thursday,,173
06/05/2021,Thursday,,199
06/05/2021,Thursday,,156
06/05/2021,Thursday,,198
06/05/2021,Thursday,,153
06/05/2021,Thursday,,175
06/05/2021,Thursday,,136
06/05/2021,Thursday,,219
06/05/2021,Thursday,,163
06/05/2021,Thursday,,181
06/05/2021,Thursday,,157
06/05/2021,Thursday,,185
06/05/2021,Thursday,,203
06/05/2021,Thursday,,168
06/05/2021,Thursday,,189
06/05/2021,Thursday,,193
06/05/2021,Thursday,,179
06/05/2021,Thursday,,210
06/05/2021,Thursday,,199
06/05/2021,Thursday,,207
06/05/2021,Thursday,,220
06/05/2021,Thursday,,210
06/05/2021,Thursday,,188
06/05/2021,Thursday,,168
06/05/2021,Thursday,,141
06/05/2021,Thursday,,101
06/05/2021,Thursday,,113
06/05/2021,Thursday,,110
06/05/2021,Thursday,,98
06/05/2021,Thursday,,80
06/05/2021,Thursday,,84
06/05/2021,Thursday,,83
06/05/2021,Thursday,,57
06/05/2021,Thursday,,59
06/05/2021,Thursday,,40
06/05/2021,Thursday,,60
06/05/2021,Thursday,,37
06/05/2021,Thursday,,36
06/05/2021,Thursday,,34
06/05/2021,Thursday,,31
06/05/2021,Thursday,,22
06/05/2021,Thursday,,19
06/05/2021,Thursday,,18
06/05/2021,Thursday,,9
06/05/2021,Thursday,,16
06/05/2021,Thursday,,10
07/05/2021,Friday,,6
07/05/2021,Friday,,6
07/05/2021,Friday,,8
07/05/2021,Friday,,12
07/05/2021,Friday,,2
07/05/2021,Friday,,6
07/05/2021,Friday,,10
07/05/2021,Friday,,3
07/05/2021,Friday,,5
07/05/2021,Friday,,6
07/05/2021,Friday,,2
07/05/2021,Friday,,6
07/05/2021,Friday,,6
07/05/2021,Friday,,2
07/05/2021,Friday,,8
07/05/2021,Friday,,8
07/05/2021,Friday,,6
07/05/2021,Friday,,11
07/05/2021,Friday,,13
07/05/2021,Friday,,12
07/05/2021,Friday,,23
07/05/2021,Friday,,26
07/05/2021,Friday,,41
07/05/2021,Friday,,23
07/05/2021,Friday,,39
07/05/2021,Friday,,72
07/05/2021,Friday,,94
07/05/2021,Friday,,109
07/05/2021,Friday,,145
07/05/2021,Friday,,182
07/05/2021,Friday,,183
07/05/2021,Friday,,170
07/05/2021,Friday,,266
07/05/2021,Friday,,245
07/05/2021,Friday,,210
07/05/2021,Friday,,175
07/05/2021,Friday,,168
07/05/2021,Friday,,223
07/05/2021,Friday,,189
07/05/2021,Friday,,266
07/05/2021,Friday,,234
07/05/2021,Friday,,199
07/05/2021,Friday,,280
07/05/2021,Friday,,221
07/05/2021,Friday,,238
07/05/2021,Friday,,245
07/05/2021,Friday,,220
07/05/2021,Friday,,223
07/05/2021,Friday,,199
07/05/2021,Friday,,233
07/05/2021,Friday,,211
07/05/2021,Friday,,199
07/05/2021,Friday,,195
07/05/2021,Friday,,209
07/05/2021,Friday,,277
07/05/2021,Friday,,231
07/05/2021,Friday,,246
07/05/2021,Friday,,235
07/05/2021,Friday,,233
07/05/2021,Friday,,213
07/05/2021,Friday,,275
07/05/2021,Friday,,256
07/05/2021,Friday,,275
07/05/2021,Friday,,269
07/05/2021,Friday,,258
07/05/2021,Friday,,239
07/05/2021,Friday,,265
07/05/2021,Friday,,259
07/05/2021,Friday,,223
07/05/2021,Friday,,244
07/05/2021,Friday,,255
07/05/2021,Friday,,241
07/05/2021,Friday,,217
07/05/2021,Friday,,273
07/05/2021,Friday,,244
07/05/2021,Friday,,178
07/05/2021,Friday,,174
07/05/2021,Friday,,175
07/05/2021,Friday,,115
07/05/2021,Friday,,136
07/05/2021,Friday,,117
07/05/2021,Friday,,90
07/05/2021,Friday,,103
07/05/2021,Friday,,90
07/05/2021,Friday,,72
07/05/2021,Friday,,75
07/05/2021,Friday,,55
07/05/2021,Friday,,29
07/05/2021,Friday,,35
07/05/2021,Friday,,40
07/05/2021,Friday,,30
07/05/2021,Friday,,19
07/05/2021,Friday,,21
07/05/2021,Friday,,21
07/05/2021,Friday,,23
07/05/2021,Friday,,14
08/05/2021,Saturday,,20
08/05/2021,Saturday,,12
08/05/2021,Saturday,,7
08/05/2021,Saturday,,9
08/05/2021,Saturday,,9
08/05/2021,Saturday,,5
08/05/2021,Saturday,,4
08/05/2021,Saturday,,6
08/05/2021,Saturday,,0
08/05/2021,Saturday,,3
08/05/2021,Saturday,,1
08/05/2021,Saturday,,4
08/05/2021,Saturday,,4
08/05/2021,Saturday,,4
08/05/2021,Saturday,,6
08/05/2021,Saturday,,9
08/05/2021,Saturday,,1
08/05/2021,Saturday,,5
08/05/2021,Saturday,,7
08/05/2021,Saturday,,15
08/05/2021,Saturday,,10
08/05/2021,Saturday,,21
08/05/2021,Saturday,,24
08/05/2021,Saturday,,22
08/05/2021,Saturday,,29
08/05/2021,Saturday,,28
08/05/2021,Saturday,,44
08/05/2021,Saturday,,46
08/05/2021,Saturday,,41
08/05/2021,Saturday,,64
08/05/2021,Saturday,,58
08/05/2021,Saturday,,79
08/05/2021,Saturday,,84
08/05/2021,Saturday,,99
08/05/2021,Saturday,,82
08/05/2021,Saturday,,123
08/05/2021,Saturday,,123
08/05/2021,Saturday,,144
08/05/2021,Saturday,,155
08/05/2021,Saturday,,181
08/05/2021,Saturday,,146
08/05/2021,Saturday,,167
08/05/2021,Saturday,,171
08/05/2021,Saturday,,187
08/05/2021,Saturday,,170
08/05/2021,Saturday,,165
08/05/2021,Saturday,,186
08/05/2021,Saturday,,184
08/05/2021,Saturday,,184
08/05/2021,Saturday,,146
08/05/2021,Saturday,,182
08/05/2021,Saturday,,222
08/05/2021,Saturday,,188
08/05/2021,Saturday,,187
08/05/2021,Saturday,,204
08/05/2021,Saturday,,192
08/05/2021,Saturday,,201
08/05/2021,Saturday,,219
08/05/2021,Saturday,,199
08/05/2021,Saturday,,183
08/05/2021,Saturday,,174
08/05/2021,Saturday,,187
08/05/2021,Saturday,,169
08/05/2021,Saturday,,183
08/05/2021,Saturday,,199
08/05/2021,Saturday,,167
08/05/2021,Saturday,,181
08/05/2021,Saturday,,168
08/05/2021,Saturday,,162
08/05/2021,Saturday,,157
08/05/2021,Saturday,,140
08/05/2021,Saturday,,139
08/05/2021,Saturday,,142
08/05/2021,Saturday,,134
08/05/2021,Saturday,,97
08/05/2021,Saturday,,97
08/05/2021,Saturday,,79
08/05/2021,Saturday,,66
08/05/2021,Saturday,,75
08/05/2021,Saturday,,56
08/05/2021,Saturday,,57
08/05/2021,Saturday,,58
08/05/2021,Saturday,,53
08/05/2021,Saturday,,43
08/05/2021,Saturday,,29
08/05/2021,Saturday,,31
08/05/2021,Saturday,,34
08/05/2021,Saturday,,28
08/05/2021,Saturday,,26
08/05/2021,Saturday,,21
08/05/2021,Saturday,,20
08/05/2021,Saturday,,19
08/05/2021,Saturday,,10
08/05/2021,Saturday,,16
08/05/2021,Saturday,,19
08/05/2021,Saturday,,9
09/05/2021,Sunday,,11
09/05/2021,Sunday,,8
09/05/2021,Sunday,,5
09/05/2021,Sunday,,7
09/05/2021,Sunday,,7
09/05/2021,Sunday,,9
09/05/2021,Sunday,,6
09/05/2021,Sunday,,1
09/05/2021,Sunday,,2
09/05/2021,Sunday,,2
09/05/2021,Sunday,,3
09/05/2021,Sunday,,2
09/05/2021,Sunday,,2
09/05/2021,Sunday,,3
09/05/2021,Sunday,,0
09/05/2021,Sunday,,1
09/05/2021,Sunday,,5
09/05/2021,Sunday,,0
09/05/2021,Sunday,,7
09/05/2021,Sunday,,5
09/05/2021,Sunday,,8
09/05/2021,Sunday,,12
09/05/2021,Sunday,,13
09/05/2021,Sunday,,17
09/05/2021,Sunday,,9
09/05/2021,Sunday,,14
09/05/2021,Sunday,,12
09/05/2021,Sunday,,33
09/05/2021,Sunday,,15
09/05/2021,Sunday,,28
09/05/2021,Sunday,,33
09/05/2021,Sunday,,46
09/05/2021,Sunday,,48
09/05/2021,Sunday,,64
09/05/2021,Sunday,,59
09/05/2021,Sunday,,82
09/05/2021,Sunday,,104
09/05/2021,Sunday,,139
09/05/2021,Sunday,,163
09/05/2021,Sunday,,227
09/05/2021,Sunday,,174
09/05/2021,Sunday,,242
09/05/2021,Sunday,,218
09/05/2021,Sunday,,232
09/05/2021,Sunday,,245
09/05/2021,Sunday,,246
09/05/2021,Sunday,,259
09/05/2021,Sunday,,200
09/05/2021,Sunday,,261
09/05/2021,Sunday,,212
09/05/2021,Sunday,,234
09/05/2021,Sunday,,238
09/05/2021,Sunday,,235
09/05/2021,Sunday,,193
09/05/2021,Sunday,,218
09/05/2021,Sunday,,182
09/05/2021,Sunday,,199
09/05/2021,Sunday,,178
09/05/2021,Sunday,,171
09/05/2021,Sunday,,184
09/05/2021,Sunday,,169
09/05/2021,Sunday,,183
09/05/2021,Sunday,,179
09/05/2021,Sunday,,167
09/05/2021,Sunday,,163
09/05/2021,Sunday,,186
09/05/2021,Sunday,,153
09/05/2021,Sunday,,146
09/05/2021,Sunday,,121
09/05/2021,Sunday,,139
09/05/2021,Sunday,,113
09/05/2021,Sunday,,136
09/05/2021,Sunday,,95
09/05/2021,Sunday,,110
09/05/2021,Sunday,,78
09/05/2021,Sunday,,66
09/05/2021,Sunday,,82
09/05/2021,Sunday,,64
09/05/2021,Sunday,,70
09/05/2021,Sunday,,55
09/05/2021,Sunday,,73
09/05/2021,Sunday,,49
09/05/2021,Sunday,,40
09/05/2021,Sunday,,47
09/05/2021,Sunday,,43
09/05/2021,Sunday,,38
09/05/2021,Sunday,,33
09/05/2021,Sunday,,21
09/05/2021,Sunday,,30
09/05/2021,Sunday,,29
09/05/2021,Sunday,,26
09/05/2021,Sunday,,8
09/05/2021,Sunday,,8
09/05/2021,Sunday,,9
09/05/2021,Sunday,,6
09/05/2021,Sunday,,6
10/05/2021,Monday,,11
10/05/2021,Monday,,6
10/05/2021,Monday,,5
10/05/2021,Monday,,6
10/05/2021,Monday,,5
10/05/2021,Monday,,2
10/05/2021,Monday,,2
10/05/2021,Monday,,4
10/05/2021,Monday,,2
10/05/2021,Monday,,4
10/05/2021,Monday,,5
10/05/2021,Monday,,6
10/05/2021,Monday,,3
10/05/2021,Monday,,6
10/05/2021,Monday,,4
10/05/2021,Monday,,8
10/05/2021,Monday,,7
10/05/2021,Monday,,8
10/05/2021,Monday,,10
10/05/2021,Monday,,10
10/05/2021,Monday,,17
10/05/2021,Monday,,41
10/05/2021,Monday,,45
10/05/2021,Monday,,37
10/05/2021,Monday,,41
10/05/2021,Monday,,55
10/05/2021,Monday,,97
10/05/2021,Monday,,132
10/05/2021,Monday,,162
10/05/2021,Monday,,166
10/05/2021,Monday,,244
10/05/2021,Monday,,225
10/05/2021,Monday,,228
10/05/2021,Monday,,249
10/05/2021,Monday,,201
10/05/2021,Monday,,204
10/05/2021,Monday,,174
10/05/2021,Monday,,153
10/05/2021,Monday,,194
10/05/2021,Monday,,162
10/05/2021,Monday,,249
10/05/2021,Monday,,167
10/05/2021,Monday,,198
10/05/2021,Monday,,194
10/05/2021,Monday,,220
10/05/2021,Monday,,211
10/05/2021,Monday,,189
10/05/2021,Monday,,216
10/05/2021,Monday,,169
10/05/2021,Monday,,183
10/05/2021,Monday,,218
10/05/2021,Monday,,188
10/05/2021,Monday,,172
10/05/2021,Monday,,221
10/05/2021,Monday,,189
10/05/2021,Monday,,189
10/05/2021,Monday,,188
10/05/2021,Monday,,210
10/05/2021,Monday,,185
10/05/2021,Monday,,205
10/05/2021,Monday,,205
10/05/2021,Monday,,183
10/05/2021,Monday,,222
10/05/2021,Monday,,182
10/05/2021,Monday,,208
10/05/2021,Monday,,202
10/05/2021,Monday,,198
10/05/2021,Monday,,186
10/05/2021,Monday,,219
10/05/2021,Monday,,192
10/05/2021,Monday,,215
10/05/2021,Monday,,190
10/05/2021,Monday,,155
10/05/2021,Monday,,171
10/05/2021,Monday,,113
10/05/2021,Monday,,101
10/05/2021,Monday,,106
10/05/2021,Monday,,95
10/05/2021,Monday,,74
10/05/2021,Monday,,73
10/05/2021,Monday,,70
10/05/2021,Monday,,62
10/05/2021,Monday,,50
10/05/2021,Monday,,62
10/05/2021,Monday,,44
10/05/2021,Monday,,36
10/05/2021,Monday,,33
10/05/2021,Monday,,25
10/05/2021,Monday,,15
10/05/2021,Monday,,24
10/05/2021,Monday,,23
10/05/2021,Monday,,18
10/05/2021,Monday,,17
10/05/2021,Monday,,16
10/05/2021,Monday,,6
10/05/2021,Monday,,7
11/05/2021,Tuesday,,8
11/05/2021,Tuesday,,13
11/05/2021,Tuesday,,7
11/05/2021,Tuesday,,5
11/05/2021,Tuesday,,2
11/05/2021,Tuesday,,7
11/05/2021,Tuesday,,9
11/05/2021,Tuesday,,3
11/05/2021,Tuesday,,3
11/05/2021,Tuesday,,2
11/05/2021,Tuesday,,3
11/05/2021,Tuesday,,3
11/05/2021,Tuesday,,4
11/05/2021,Tuesday,,7
11/05/2021,Tuesday,,4
11/05/2021,Tuesday,,10
11/05/2021,Tuesday,,9
11/05/2021,Tuesday,,14
11/05/2021,Tuesday,,9
11/05/2021,Tuesday,,7
11/05/2021,Tuesday,,26
11/05/2021,Tuesday,,26
11/05/2021,Tuesday,,43
11/05/2021,Tuesday,,39
11/05/2021,Tuesday,,41
11/05/2021,Tuesday,,48
11/05/2021,Tuesday,,81
11/05/2021,Tuesday,,124
11/05/2021,Tuesday,,146
11/05/2021,Tuesday,,217
11/05/2021,Tuesday,,164
11/05/2021,Tuesday,,226
11/05/2021,Tuesday,,171
11/05/2021,Tuesday,,281
11/05/2021,Tuesday,,234
11/05/2021,Tuesday,,232
11/05/2021,Tuesday,,207
11/05/2021,Tuesday,,202
11/05/2021,Tuesday,,180
11/05/2021,Tuesday,,175
11/05/2021,Tuesday,,183
11/05/2021,Tuesday,,197
11/05/2021,Tuesday,,174
11/05/2021,Tuesday,,175
11/05/2021,Tuesday,,174
11/05/2021,Tuesday,,166
11/05/2021,Tuesday,,188
11/05/2021,Tuesday,,152
11/05/2021,Tuesday,,159
11/05/2021,Tuesday,,179
11/05/2021,Tuesday,,147
11/05/2021,Tuesday,,158
11/05/2021,Tuesday,,167
11/05/2021,Tuesday,,137
11/05/2021,Tuesday,,149
11/05/2021,Tuesday,,143
11/05/2021,Tuesday,,221
11/05/2021,Tuesday,,104
11/05/2021,Tuesday,,220
11/05/2021,Tuesday,,130
11/05/2021,Tuesday,,182
11/05/2021,Tuesday,,133
11/05/2021,Tuesday,,160
11/05/2021,Tuesday,,154
11/05/2021,Tuesday,,175
11/05/2021,Tuesday,,171
11/05/2021,Tuesday,,191
11/05/2021,Tuesday,,212
11/05/2021,Tuesday,,200
11/05/2021,Tuesday,,232
11/05/2021,Tuesday,,203
11/05/2021,Tuesday,,182
11/05/2021,Tuesday,,178
11/05/2021,Tuesday,,143
11/05/2021,Tuesday,,102
11/05/2021,Tuesday,,126
11/05/2021,Tuesday,,102
11/05/2021,Tuesday,,82
11/05/2021,Tuesday,,86
11/05/2021,Tuesday,,59
11/05/2021,Tuesday,,67
11/05/2021,Tuesday,,83
11/05/2021,Tuesday,,55
11/05/2021,Tuesday,,45
11/05/2021,Tuesday,,56
11/05/2021,Tuesday,,36
11/05/2021,Tuesday,,43
11/05/2021,Tuesday,,32
11/05/2021,Tuesday,,39
11/05/2021,Tuesday,,31
11/05/2021,Tuesday,,19
11/05/2021,Tuesday,,12
11/05/2021,Tuesday,,25
11/05/2021,Tuesday,,11
11/05/2021,Tuesday,,7
11/05/2021,Tuesday,,10
12/05/2021,Wednesday,,9
12/05/2021,Wednesday,,4
12/05/2021,Wednesday,,4
12/05/2021,Wednesday,,3
12/05/2021,Wednesday,,6
12/05/2021,Wednesday,,3
12/05/2021,Wednesday,,8
12/05/2021,Wednesday,,6
12/05/2021,Wednesday,,2
12/05/2021,Wednesday,,3
12/05/2021,Wednesday,,5
12/05/2021,Wednesday,,1
12/05/2021,Wednesday,,3
12/05/2021,Wednesday,,4
12/05/2021,Wednesday,,5
12/05/2021,Wednesday,,8
12/05/2021,Wednesday,,4
12/05/2021,Wednesday,,11
12/05/2021,Wednesday,,10
12/05/2021,Wednesday,,13
12/05/2021,Wednesday,,22
12/05/2021,Wednesday,,32
12/05/2021,Wednesday,,37
12/05/2021,Wednesday,,36
12/05/2021,Wednesday,,45
12/05/2021,Wednesday,,59
12/05/2021,Wednesday,,77
12/05/2021,Wednesday,,120
12/05/2021,Wednesday,,152
12/05/2021,Wednesday,,179
12/05/2021,Wednesday,,203
12/05/2021,Wednesday,,237
12/05/2021,Wednesday,,239
12/05/2021,Wednesday,,
12/05/2021,Wednesday,,
12/05/2021,Wednesday,,
12/05/2021,Wednesday,,
12/05/2021,Wednesday,,
12/05/2021,Wednesday,,
12/05/2021,Wednesday,,
12/05/2021,Wednesday,,
12/05/2021,Wednesday,,
12/05/2021,Wednesday,,
12/05/2021,Wednesday,,
12/05/2021,Wednesday,,
12/05/2021,Wednesday,,
12/05/2021,Wednesday,,
12/05/2021,Wednesday,,
12/05/2021,Wednesday,,
12/05/2021,Wednesday,,
12/05/2021,Wednesday,,
12/05/2021,Wednesday,,
12/05/2021,Wednesday,,
12/05/2021,Wednesday,,
12/05/2021,Wednesday,,
12/05/2021,Wednesday,,
12/05/2021,Wednesday,,
12/05/2021,Wednesday,,
12/05/2021,Wednesday,,
12/05/2021,Wednesday,,
12/05/2021,Wednesday,,
12/05/2021,Wednesday,,
12/05/2021,Wednesday,,
12/05/2021,Wednesday,,
12/05/2021,Wednesday,,
12/05/2021,Wednesday,,
12/05/2021,Wednesday,,
12/05/2021,Wednesday,,
12/05/2021,Wednesday,,
12/05/2021,Wednesday,,
12/05/2021,Wednesday,,
12/05/2021,Wednesday,,
12/05/2021,Wednesday,,
12/05/2021,Wednesday,,
12/05/2021,Wednesday,,
12/05/2021,Wednesday,,
12/05/2021,Wednesday,,
12/05/2021,Wednesday,,
12/05/2021,Wednesday,,
12/05/2021,Wednesday,,
12/05/2021,Wednesday,,
12/05/2021,Wednesday,,
12/05/2021,Wednesday,,
12/05/2021,Wednesday,,
12/05/2021,Wednesday,,
12/05/2021,Wednesday,,
12/05/2021,Wednesday,,
12/05/2021,Wednesday,,
12/05/2021,Wednesday,,
12/05/2021,Wednesday,,
12/05/2021,Wednesday,,
12/05/2021,Wednesday,,
12/05/2021,Wednesday,,
12/05/2021,Wednesday,,
12/05/2021,Wednesday,,
12/05/2021,Wednesday,,
13/05/2021,Thursday,,
13/05/2021,Thursday,,
13/05/2021,Thursday,,
13/05/2021,Thursday,,
13/05/2021,Thursday,,1
13/05/2021,Thursday,,5
13/05/2021,Thursday,,5
13/05/2021,Thursday,,2
13/05/2021,Thursday,,2
13/05/2021,Thursday,,5
13/05/2021,Thursday,,4
13/05/2021,Thursday,,1
13/05/2021,Thursday,,4
13/05/2021,Thursday,,4
13/05/2021,Thursday,,8
13/05/2021,Thursday,,5
13/05/2021,Thursday,,5
13/05/2021,Thursday,,6
13/05/2021,Thursday,,11
13/05/2021,Thursday,,11
13/05/2021,Thursday,,19
13/05/2021,Thursday,,23
13/05/2021,Thursday,,46
13/05/2021,Thursday,,37
13/05/2021,Thursday,,39
13/05/2021,Thursday,,72
13/05/2021,Thursday,,85
13/05/2021,Thursday,,123
13/05/2021,Thursday,,138
13/05/2021,Thursday,,166
13/05/2021,Thursday,,220
13/05/2021,Thursday,,257
13/05/2021,Thursday,,234
13/05/2021,Thursday,,244
13/05/2021,Thursday,,203
13/05/2021,Thursday,,187
13/05/2021,Thursday,,181
13/05/2021,Thursday,,211
13/05/2021,Thursday,,202
13/05/2021,Thursday,,204
13/05/2021,Thursday,,186
13/05/2021,Thursday,,229
13/05/2021,Thursday,,187
13/05/2021,Thursday,,213
13/05/2021,Thursday,,193
13/05/2021,Thursday,,178
13/05/2021,Thursday,,196
13/05/2021,Thursday,,195
13/05/2021,Thursday,,199
13/05/2021,Thursday,,193
13/05/2021,Thursday,,182
13/05/2021,Thursday,,185
13/05/2021,Thursday,,175
13/05/2021,Thursday,,135
13/05/2021,Thursday,,216
13/05/2021,Thursday,,154
13/05/2021,Thursday,,212
13/05/2021,Thursday,,177
13/05/2021,Thursday,,170
13/05/2021,Thursday,,168
13/05/2021,Thursday,,166
13/05/2021,Thursday,,155
13/05/2021,Thursday,,137
13/05/2021,Thursday,,225
13/05/2021,Thursday,,178
13/05/2021,Thursday,,196
13/05/2021,Thursday,,228
13/05/2021,Thursday,,209
13/05/2021,Thursday,,245
13/05/2021,Thursday,,260
13/05/2021,Thursday,,208
13/05/2021,Thursday,,179
13/05/2021,Thursday,,170
13/05/2021,Thursday,,153
13/05/2021,Thursday,,157
13/05/2021,Thursday,,121
13/05/2021,Thursday,,100
13/05/2021,Thursday,,100
13/05/2021,Thursday,,93
13/05/2021,Thursday,,68
13/05/2021,Thursday,,75
13/05/2021,Thursday,,77
13/05/2021,Thursday,,82
13/05/2021,Thursday,,60
13/05/2021,Thursday,,42
13/05/2021,Thursday,,44
13/05/2021,Thursday,,45
13/05/2021,Thursday,,44
13/05/2021,Thursday,,23
13/05/2021,Thursday,,26
13/05/2021,Thursday,,23
13/05/2021,Thursday,,17
13/05/2021,Thursday,,17
13/05/2021,Thursday,,15
13/05/2021,Thursday,,9
13/05/2021,Thursday,,8
14/05/2021,Friday,,7
14/05/2021,Friday,,16
14/05/2021,Friday,,7
14/05/2021,Friday,,6
14/05/2021,Friday,,5
14/05/2021,Friday,,6
14/05/2021,Friday,,4
14/05/2021,Friday,,4
14/05/2021,Friday,,3
14/05/2021,Friday,,2
14/05/2021,Friday,,9
14/05/2021,Friday,,5
14/05/2021,Friday,,6
14/05/2021,Friday,,5
14/05/2021,Friday,,8
14/05/2021,Friday,,8
14/05/2021,Friday,,4
14/05/2021,Friday,,14
14/05/2021,Friday,,9
14/05/2021,Friday,,10
14/05/2021,Friday,,21
14/05/2021,Friday,,28
14/05/2021,Friday,,41
14/05/2021,Friday,,29
14/05/2021,Friday,,46
14/05/2021,Friday,,43
14/05/2021,Friday,,71
14/05/2021,Friday,,113
14/05/2021,Friday,,132
14/05/2021,Friday,,176
14/05/2021,Friday,,183
14/05/2021,Friday,,213
14/05/2021,Friday,,216
14/05/2021,Friday,,198
14/05/2021,Friday,,200
14/05/2021,Friday,,200
14/05/2021,Friday,,199
14/05/2021,Friday,,191
14/05/2021,Friday,,206
14/05/2021,Friday,,202
14/05/2021,Friday,,196
14/05/2021,Friday,,211
14/05/2021,Friday,,222
14/05/2021,Friday,,193
14/05/2021,Friday,,246
14/05/2021,Friday,,225
14/05/2021,Friday,,262
14/05/2021,Friday,,243
14/05/2021,Friday,,229
14/05/2021,Friday,,232
14/05/2021,Friday,,230
14/05/2021,Friday,,236
14/05/2021,Friday,,246
14/05/2021,Friday,,216
14/05/2021,Friday,,273
14/05/2021,Friday,,271
14/05/2021,Friday,,220
14/05/2021,Friday,,245
14/05/2021,Friday,,225
14/05/2021,Friday,,284
14/05/2021,Friday,,255
14/05/2021,Friday,,217
14/05/2021,Friday,,263
14/05/2021,Friday,,290
14/05/2021,Friday,,238
14/05/2021,Friday,,233
14/05/2021,Friday,,269
14/05/2021,Friday,,263
14/05/2021,Friday,,232
14/05/2021,Friday,,271
14/05/2021,Friday,,287
14/05/2021,Friday,,245
14/05/2021,Friday,,274
14/05/2021,Friday,,260
14/05/2021,Friday,,264
14/05/2021,Friday,,255
14/05/2021,Friday,,236
14/05/2021,Friday,,175
14/05/2021,Friday,,152
14/05/2021,Friday,,136
14/05/2021,Friday,,170
14/05/2021,Friday,,101
14/05/2021,Friday,,109
14/05/2021,Friday,,103
14/05/2021,Friday,,71
14/05/2021,Friday,,70
14/05/2021,Friday,,53
14/05/2021,Friday,,37
14/05/2021,Friday,,44
14/05/2021,Friday,,33
14/05/2021,Friday,,32
14/05/2021,Friday,,26
14/05/2021,Friday,,19
14/05/2021,Friday,,29
14/05/2021,Friday,,15
14/05/2021,Friday,,11
15/05/2021,Saturday,,20
15/05/2021,Saturday,,13
15/05/2021,Saturday,,7
15/05/2021,Saturday,,7
15/05/2021,Saturday,,11
15/05/2021,Saturday,,6
15/05/2021,Saturday,,6
15/05/2021,Saturday,,2
15/05/2021,Saturday,,5
15/05/2021,Saturday,,9
15/05/2021,Saturday,,2
15/05/2021,Saturday,,4
15/05/2021,Saturday,,4
15/05/2021,Saturday,,3
15/05/2021,Saturday,,6
15/05/2021,Saturday,,5
15/05/2021,Saturday,,7
15/05/2021,Saturday,,7
15/05/2021,Saturday,,9
15/05/2021,Saturday,,16
15/05/2021,Saturday,,18
15/05/2021,Saturday,,27
15/05/2021,Saturday,,21
15/05/2021,Saturday,,29
15/05/2021,Saturday,,22
15/05/2021,Saturday,,16
15/05/2021,Saturday,,46
15/05/2021,Saturday,,48
15/05/2021,Saturday,,48
15/05/2021,Saturday,,67
15/05/2021,Saturday,,83
15/05/2021,Saturday,,93
15/05/2021,Saturday,,110
15/05/2021,Saturday,,132
15/05/2021,Saturday,,126
15/05/2021,Saturday,,179
15/05/2021,Saturday,,167
15/05/2021,Saturday,,194
15/05/2021,Saturday,,230
15/05/2021,Saturday,,242
15/05/2021,Saturday,,231
15/05/2021,Saturday,,245
15/05/2021,Saturday,,257
15/05/2021,Saturday,,217
15/05/2021,Saturday,,244
15/05/2021,Saturday,,230
15/05/2021,Saturday,,218
15/05/2021,Saturday,,235
15/05/2021,Saturday,,239
15/05/2021,Saturday,,239
15/05/2021,Saturday,,203
15/05/2021,Saturday,,250
15/05/2021,Saturday,,265
15/05/2021,Saturday,,269
15/05/2021,Saturday,,230
15/05/2021,Saturday,,259
15/05/2021,Saturday,,217
15/05/2021,Saturday,,196
15/05/2021,Saturday,,205
15/05/2021,Saturday,,211
15/05/2021,Saturday,,211
15/05/2021,Saturday,,200
15/05/2021,Saturday,,206
15/05/2021,Saturday,,192
15/05/2021,Saturday,,202
15/05/2021,Saturday,,159
15/05/2021,Saturday,,209
15/05/2021,Saturday,,164
15/05/2021,Saturday,,152
15/05/2021,Saturday,,174
15/05/2021,Saturday,,165
15/05/2021,Saturday,,144
15/05/2021,Saturday,,150
15/05/2021,Saturday,,107
15/05/2021,Saturday,,105
15/05/2021,Saturday,,76
15/05/2021,Saturday,,95
15/05/2021,Saturday,,95
15/05/2021,Saturday,,74
15/05/2021,Saturday,,74
15/05/2021,Saturday,,71
15/05/2021,Saturday,,56
15/05/2021,Saturday,,70
15/05/2021,Saturday,,56
15/05/2021,Saturday,,57
15/05/2021,Saturday,,51
15/05/2021,Saturday,,46
15/05/2021,Saturday,,31
15/05/2021,Saturday,,35
15/05/2021,Saturday,,37
15/05/2021,Saturday,,32
15/05/2021,Saturday,,24
15/05/2021,Saturday,,20
15/05/2021,Saturday,,25
15/05/2021,Saturday,,15
15/05/2021,Saturday,,14
16/05/2021,Sunday,,16
16/05/2021,Sunday,,12
16/05/2021,Sunday,,5
16/05/2021,Sunday,,13
16/05/2021,Sunday,,5
16/05/2021,Sunday,,5
16/05/2021,Sunday,,3
16/05/2021,Sunday,,5
16/05/2021,Sunday,,5
16/05/2021,Sunday,,5
16/05/2021,Sunday,,2
16/05/2021,Sunday,,4
16/05/2021,Sunday,,0
16/05/2021,Sunday,,2
16/05/2021,Sunday,,0
16/05/2021,Sunday,,3
16/05/2021,Sunday,,6
16/05/2021,Sunday,,3
16/05/2021,Sunday,,6
16/05/2021,Sunday,,3
16/05/2021,Sunday,,10
16/05/2021,Sunday,,10
16/05/2021,Sunday,,20
16/05/2021,Sunday,,14
16/05/2021,Sunday,,9
16/05/2021,Sunday,,19
16/05/2021,Sunday,,16
16/05/2021,Sunday,,23
16/05/2021,Sunday,,29
16/05/2021,Sunday,,37
16/05/2021,Sunday,,46
16/05/2021,Sunday,,40
16/05/2021,Sunday,,43
16/05/2021,Sunday,,77
16/05/2021,Sunday,,67
16/05/2021,Sunday,,128
16/05/2021,Sunday,,118
16/05/2021,Sunday,,150
16/05/2021,Sunday,,175
16/05/2021,Sunday,,261
16/05/2021,Sunday,,
16/05/2021,Sunday,,
16/05/2021,Sunday,,
16/05/2021,Sunday,,
16/05/2021,Sunday,,
16/05/2021,Sunday,,
16/05/2021,Sunday,,
16/05/2021,Sunday,,
16/05/2021,Sunday,,
16/05/2021,Sunday,,
16/05/2021,Sunday,,
16/05/2021,Sunday,,
16/05/2021,Sunday,,
16/05/2021,Sunday,,
16/05/2021,Sunday,,
16/05/2021,Sunday,,
16/05/2021,Sunday,,
16/05/2021,Sunday,,
16/05/2021,Sunday,,
16/05/2021,Sunday,,
16/05/2021,Sunday,,
16/05/2021,Sunday,,
16/05/2021,Sunday,,
16/05/2021,Sunday,,
16/05/2021,Sunday,,
16/05/2021,Sunday,,
16/05/2021,Sunday,,
16/05/2021,Sunday,,
16/05/2021,Sunday,,
16/05/2021,Sunday,,
16/05/2021,Sunday,,
16/05/2021,Sunday,,
16/05/2021,Sunday,,
16/05/2021,Sunday,,
16/05/2021,Sunday,,
16/05/2021,Sunday,,
16/05/2021,Sunday,,
16/05/2021,Sunday,,
16/05/2021,Sunday,,
16/05/2021,Sunday,,
16/05/2021,Sunday,,
16/05/2021,Sunday,,
16/05/2021,Sunday,,
16/05/2021,Sunday,,
16/05/2021,Sunday,,
16/05/2021,Sunday,,
16/05/2021,Sunday,,
16/05/2021,Sunday,,
16/05/2021,Sunday,,
16/05/2021,Sunday,,
16/05/2021,Sunday,,
16/05/2021,Sunday,,
16/05/2021,Sunday,,
16/05/2021,Sunday,,
16/05/2021,Sunday,,
16/05/2021,Sunday,,
17/05/2021,Monday,,
17/05/2021,Monday,,
17/05/2021,Monday,,
17/05/2021,Monday,,
17/05/2021,Monday,,
17/05/2021,Monday,,
17/05/2021,Monday,,
17/05/2021,Monday,,
17/05/2021,Monday,,
17/05/2021,Monday,,
17/05/2021,Monday,,
17/05/2021,Monday,,
17/05/2021,Monday,,
17/05/2021,Monday,,
17/05/2021,Monday,,
17/05/2021,Monday,,
17/05/2021,Monday,,
17/05/2021,Monday,,
17/05/2021,Monday,,
17/05/2021,Monday,,
17/05/2021,Monday,,
17/05/2021,Monday,,
17/05/2021,Monday,,
17/05/2021,Monday,,
17/05/2021,Monday,,
17/05/2021,Monday,,
17/05/2021,Monday,,
17/05/2021,Monday,,
17/05/2021,Monday,,
17/05/2021,Monday,,
17/05/2021,Monday,,
17/05/2021,Monday,,
17/05/2021,Monday,,
17/05/2021,Monday,,
17/05/2021,Monday,,
17/05/2021,Monday,,
17/05/2021,Monday,,
17/05/2021,Monday,,
17/05/2021,Monday,,
17/05/2021,Monday,,
17/05/2021,Monday,,
17/05/2021,Monday,,
17/05/2021,Monday,,
17/05/2021,Monday,,
17/05/2021,Monday,,
17/05/2021,Monday,,
17/05/2021,Monday,,
17/05/2021,Monday,,
17/05/2021,Monday,,
17/05/2021,Monday,,
17/05/2021,Monday,,
17/05/2021,Monday,,
17/05/2021,Monday,,
17/05/2021,Monday,,
17/05/2021,Monday,,
17/05/2021,Monday,,
17/05/2021,Monday,,
17/05/2021,Monday,,
17/05/2021,Monday,,
17/05/2021,Monday,,
17/05/2021,Monday,,
17/05/2021,Monday,,
17/05/2021,Monday,,
17/05/2021,Monday,,
17/05/2021,Monday,,
17/05/2021,Monday,,
17/05/2021,Monday,,
17/05/2021,Monday,,
17/05/2021,Monday,,
17/05/2021,Monday,,
17/05/2021,Monday,,
17/05/2021,Monday,,
17/05/2021,Monday,,
17/05/2021,Monday,,
17/05/2021,Monday,,
17/05/2021,Monday,,
17/05/2021,Monday,,
17/05/2021,Monday,,
17/05/2021,Monday,,
17/05/2021,Monday,,
17/05/2021,Monday,,
17/05/2021,Monday,,
17/05/2021,Monday,,
17/05/2021,Monday,,
17/05/2021,Monday,,
17/05/2021,Monday,,
17/05/2021,Monday,,
17/05/2021,Monday,,
17/05/2021,Monday,,
17/05/2021,Monday,,
17/05/2021,Monday,,
17/05/2021,Monday,,
17/05/2021,Monday,,
17/05/2021,Monday,,
17/05/2021,Monday,,
17/05/2021,Monday,,
18/05/2021,Tuesday,,
18/05/2021,Tuesday,,
18/05/2021,Tuesday,,
18/05/2021,Tuesday,,
18/05/2021,Tuesday,,
18/05/2021,Tuesday,,
18/05/2021,Tuesday,,
18/05/2021,Tuesday,,
18/05/2021,Tuesday,,
18/05/2021,Tuesday,,
18/05/2021,Tuesday,,
18/05/2021,Tuesday,,
18/05/2021,Tuesday,,
18/05/2021,Tuesday,,
18/05/2021,Tuesday,,
18/05/2021,Tuesday,,
18/05/2021,Tuesday,,
18/05/2021,Tuesday,,
18/05/2021,Tuesday,,
18/05/2021,Tuesday,,
18/05/2021,Tuesday,,
18/05/2021,Tuesday,,
18/05/2021,Tuesday,,
18/05/2021,Tuesday,,
18/05/2021,Tuesday,,
18/05/2021,Tuesday,,
18/05/2021,Tuesday,,
18/05/2021,Tuesday,,
18/05/2021,Tuesday,,
18/05/2021,Tuesday,,
18/05/2021,Tuesday,,
18/05/2021,Tuesday,,
18/05/2021,Tuesday,,
18/05/2021,Tuesday,,
18/05/2021,Tuesday,,
18/05/2021,Tuesday,,
18/05/2021,Tuesday,,
18/05/2021,Tuesday,,
18/05/2021,Tuesday,,
18/05/2021,Tuesday,,
18/05/2021,Tuesday,,
18/05/2021,Tuesday,,
18/05/2021,Tuesday,,
18/05/2021,Tuesday,,
18/05/2021,Tuesday,,
18/05/2021,Tuesday,,
18/05/2021,Tuesday,,
18/05/2021,Tuesday,,
18/05/2021,Tuesday,,
18/05/2021,Tuesday,,
18/05/2021,Tuesday,,
18/05/2021,Tuesday,,
18/05/2021,Tuesday,,
18/05/2021,Tuesday,,
18/05/2021,Tuesday,,
18/05/2021,Tuesday,,
18/05/2021,Tuesday,,
18/05/2021,Tuesday,,
18/05/2021,Tuesday,,
18/05/2021,Tuesday,,
18/05/2021,Tuesday,,
18/05/2021,Tuesday,,
18/05/2021,Tuesday,,
18/05/2021,Tuesday,,
18/05/2021,Tuesday,,
18/05/2021,Tuesday,,
18/05/2021,Tuesday,,
18/05/2021,Tuesday,,
18/05/2021,Tuesday,,
18/05/2021,Tuesday,,
18/05/2021,Tuesday,,
18/05/2021,Tuesday,,
18/05/2021,Tuesday,,
18/05/2021,Tuesday,,
18/05/2021,Tuesday,,
18/05/2021,Tuesday,,
18/05/2021,Tuesday,,
18/05/2021,Tuesday,,
18/05/2021,Tuesday,,
18/05/2021,Tuesday,,
18/05/2021,Tuesday,,
18/05/2021,Tuesday,,
18/05/2021,Tuesday,,
18/05/2021,Tuesday,,
18/05/2021,Tuesday,,
18/05/2021,Tuesday,,
18/05/2021,Tuesday,,
18/05/2021,Tuesday,,
18/05/2021,Tuesday,,
18/05/2021,Tuesday,,
18/05/2021,Tuesday,,
18/05/2021,Tuesday,,
18/05/2021,Tuesday,,
18/05/2021,Tuesday,,
18/05/2021,Tuesday,,
18/05/2021,Tuesday,,
19/05/2021,Wednesday,,
19/05/2021,Wednesday,,
19/05/2021,Wednesday,,
19/05/2021,Wednesday,,
19/05/2021,Wednesday,,5
19/05/2021,Wednesday,,8
19/05/2021,Wednesday,,5
19/05/2021,Wednesday,,4
19/05/2021,Wednesday,,4
19/05/2021,Wednesday,,2
19/05/2021,Wednesday,,6
19/05/2021,Wednesday,,4
19/05/2021,Wednesday,,5
19/05/2021,Wednesday,,3
19/05/2021,Wednesday,,13
19/05/2021,Wednesday,,3
19/05/2021,Wednesday,,5
19/05/2021,Wednesday,,16
19/05/2021,Wednesday,,5
19/05/2021,Wednesday,,11
19/05/2021,Wednesday,,21
19/05/2021,Wednesday,,27
19/05/2021,Wednesday,,50
19/05/2021,Wednesday,,29
19/05/2021,Wednesday,,58
19/05/2021,Wednesday,,67
19/05/2021,Wednesday,,78
19/05/2021,Wednesday,,104
19/05/2021,Wednesday,,152
19/05/2021,Wednesday,,191
19/05/2021,Wednesday,,156
19/05/2021,Wednesday,,266
19/05/2021,Wednesday,,249
19/05/2021,Wednesday,,238
19/05/2021,Wednesday,,216
19/05/2021,Wednesday,,198
19/05/2021,Wednesday,,190
19/05/2021,Wednesday,,215
19/05/2021,Wednesday,,209
19/05/2021,Wednesday,,236
19/05/2021,Wednesday,,253
19/05/2021,Wednesday,,232
19/05/2021,Wednesday,,249
19/05/2021,Wednesday,,244
19/05/2021,Wednesday,,199
19/05/2021,Wednesday,,226
19/05/2021,Wednesday,,241
19/05/2021,Wednesday,,199
19/05/2021,Wednesday,,199
19/05/2021,Wednesday,,180
19/05/2021,Wednesday,,214
19/05/2021,Wednesday,,185
19/05/2021,Wednesday,,193
19/05/2021,Wednesday,,187
19/05/2021,Wednesday,,199
19/05/2021,Wednesday,,168
19/05/2021,Wednesday,,187
19/05/2021,Wednesday,,186
19/05/2021,Wednesday,,183
19/05/2021,Wednesday,,184
19/05/2021,Wednesday,,158
19/05/2021,Wednesday,,221
19/05/2021,Wednesday,,176
19/05/2021,Wednesday,,170
19/05/2021,Wednesday,,181
19/05/2021,Wednesday,,239
19/05/2021,Wednesday,,185
19/05/2021,Wednesday,,220
19/05/2021,Wednesday,,198
19/05/2021,Wednesday,,236
19/05/2021,Wednesday,,177
19/05/2021,Wednesday,,158
19/05/2021,Wednesday,,181
19/05/2021,Wednesday,,173
19/05/2021,Wednesday,,113
19/05/2021,Wednesday,,128
19/05/2021,Wednesday,,124
19/05/2021,Wednesday,,110
19/05/2021,Wednesday,,106
19/05/2021,Wednesday,,68
19/05/2021,Wednesday,,79
19/05/2021,Wednesday,,99
19/05/2021,Wednesday,,72
19/05/2021,Wednesday,,58
19/05/2021,Wednesday,,69
19/05/2021,Wednesday,,46
19/05/2021,Wednesday,,50
19/05/2021,Wednesday,,43
19/05/2021,Wednesday,,32
19/05/2021,Wednesday,,38
19/05/2021,Wednesday,,24
19/05/2021,Wednesday,,22
19/05/2021,Wednesday,,20
19/05/2021,Wednesday,,18
19/05/2021,Wednesday,,6
19/05/2021,Wednesday,,14
20/05/2021,Thursday,,10
20/05/2021,Thursday,,9
20/05/2021,Thursday,,5
20/05/2021,Thursday,,5
20/05/2021,Thursday,,6
20/05/2021,Thursday,,2
20/05/2021,Thursday,,2
20/05/2021,Thursday,,2
20/05/2021,Thursday,,2
20/05/2021,Thursday,,4
20/05/2021,Thursday,,4
20/05/2021,Thursday,,4
20/05/2021,Thursday,,2
20/05/2021,Thursday,,5
20/05/2021,Thursday,,5
20/05/2021,Thursday,,8
20/05/2021,Thursday,,6
20/05/2021,Thursday,,9
20/05/2021,Thursday,,17
20/05/2021,Thursday,,12
20/05/2021,Thursday,,13
20/05/2021,Thursday,,33
20/05/2021,Thursday,,43
20/05/2021,Thursday,,32
20/05/2021,Thursday,,49
20/05/2021,Thursday,,64
20/05/2021,Thursday,,69
20/05/2021,Thursday,,120
20/05/2021,Thursday,,157
20/05/2021,Thursday,,182
20/05/2021,Thursday,,204
20/05/2021,Thursday,,212
20/05/2021,Thursday,,235
20/05/2021,Thursday,,258
20/05/2021,Thursday,,200
20/05/2021,Thursday,,205
20/05/2021,Thursday,,179
20/05/2021,Thursday,,178
20/05/2021,Thursday,,198
20/05/2021,Thursday,,171
20/05/2021,Thursday,,234
20/05/2021,Thursday,,182
20/05/2021,Thursday,,210
20/05/2021,Thursday,,223
20/05/2021,Thursday,,208
20/05/2021,Thursday,,237
20/05/2021,Thursday,,206
20/05/2021,Thursday,,189
20/05/2021,Thursday,,180
20/05/2021,Thursday,,234
20/05/2021,Thursday,,235
20/05/2021,Thursday,,198
20/05/2021,Thursday,,202
20/05/2021,Thursday,,180
20/05/2021,Thursday,,188
20/05/2021,Thursday,,225
20/05/2021,Thursday,,220
20/05/2021,Thursday,,205
20/05/2021,Thursday,,202
20/05/2021,Thursday,,183
20/05/2021,Thursday,,176
20/05/2021,Thursday,,168
20/05/2021,Thursday,,206
20/05/2021,Thursday,,172
20/05/2021,Thursday,,185
20/05/2021,Thursday,,204
20/05/2021,Thursday,,199
20/05/2021,Thursday,,213
20/05/2021,Thursday,,204
20/05/2021,Thursday,,198
20/05/2021,Thursday,,219
20/05/2021,Thursday,,223
20/05/2021,Thursday,,139
20/05/2021,Thursday,,170
20/05/2021,Thursday,,144
20/05/2021,Thursday,,158
20/05/2021,Thursday,,107
20/05/2021,Thursday,,107
20/05/2021,Thursday,,90
20/05/2021,Thursday,,101
20/05/2021,Thursday,,77
20/05/2021,Thursday,,100
20/05/2021,Thursday,,77
20/05/2021,Thursday,,74
20/05/2021,Thursday,,57
20/05/2021,Thursday,,55
20/05/2021,Thursday,,59
20/05/2021,Thursday,,38
20/05/2021,Thursday,,29
20/05/2021,Thursday,,35
20/05/2021,Thursday,,27
20/05/2021,Thursday,,30
20/05/2021,Thursday,,19
20/05/2021,Thursday,,14
20/05/2021,Thursday,,21
20/05/2021,Thursday,,9
21/05/2021,Friday,,15
21/05/2021,Friday,,10
21/05/2021,Friday,,11
21/05/2021,Friday,,10
21/05/2021,Friday,,5
21/05/2021,Friday,,5
21/05/2021,Friday,,10
21/05/2021,Friday,,4
21/05/2021,Friday,,4
21/05/2021,Friday,,3
21/05/2021,Friday,,1
21/05/2021,Friday,,3
21/05/2021,Friday,,1
21/05/2021,Friday,,3
21/05/2021,Friday,,8
21/05/2021,Friday,,8
21/05/2021,Friday,,9
21/05/2021,Friday,,4
21/05/2021,Friday,,14
21/05/2021,Friday,,13
21/05/2021,Friday,,11
21/05/2021,Friday,,32
21/05/2021,Friday,,28
21/05/2021,Friday,,37
21/05/2021,Friday,,47
21/05/2021,Friday,,68
21/05/2021,Friday,,68
21/05/2021,Friday,,107
21/05/2021,Friday,,135
21/05/2021,Friday,,169
21/05/2021,Friday,,173
21/05/2021,Friday,,200
21/05/2021,Friday,,209
21/05/2021,Friday,,205
21/05/2021,Friday,,209
21/05/2021,Friday,,212
21/05/2021,Friday,,194
21/05/2021,Friday,,184
21/05/2021,Friday,,152
21/05/2021,Friday,,203
21/05/2021,Friday,,173
21/05/2021,Friday,,208
21/05/2021,Friday,,210
21/05/2021,Friday,,240
21/05/2021,Friday,,210
21/05/2021,Friday,,228
21/05/2021,Friday,,236
21/05/2021,Friday,,225
21/05/2021,Friday,,201
21/05/2021,Friday,,194
21/05/2021,Friday,,181
21/05/2021,Friday,,219
21/05/2021,Friday,,270
21/05/2021,Friday,,274
21/05/2021,Friday,,257
21/05/2021,Friday,,232
21/05/2021,Friday,,281
21/05/2021,Friday,,301
21/05/2021,Friday,,269
21/05/2021,Friday,,252
21/05/2021,Friday,,242
21/05/2021,Friday,,289
21/05/2021,Friday,,264
21/05/2021,Friday,,239
21/05/2021,Friday,,247
21/05/2021,Friday,,239
21/05/2021,Friday,,240
21/05/2021,Friday,,229
21/05/2021,Friday,,240
21/05/2021,Friday,,239
21/05/2021,Friday,,273
21/05/2021,Friday,,253
21/05/2021,Friday,,229
21/05/2021,Friday,,288
21/05/2021,Friday,,240
21/05/2021,Friday,,254
21/05/2021,Friday,,275
21/05/2021,Friday,,275
21/05/2021,Friday,,196
21/05/2021,Friday,,151
21/05/2021,Friday,,153
21/05/2021,Friday,,137
21/05/2021,Friday,,110
21/05/2021,Friday,,109
21/05/2021,Friday,,93
21/05/2021,Friday,,83
21/05/2021,Friday,,74
21/05/2021,Friday,,43
21/05/2021,Friday,,58
21/05/2021,Friday,,54
21/05/2021,Friday,,39
21/05/2021,Friday,,28
21/05/2021,Friday,,34
21/05/2021,Friday,,24
21/05/2021,Friday,,21
21/05/2021,Friday,,18
22/05/2021,Saturday,,16
22/05/2021,Saturday,,21
22/05/2021,Saturday,,16
22/05/2021,Saturday,,4
22/05/2021,Saturday,,12
22/05/2021,Saturday,,8
22/05/2021,Saturday,,8
22/05/2021,Saturday,,2
22/05/2021,Saturday,,4
22/05/2021,Saturday,,4
22/05/2021,Saturday,,4
22/05/2021,Saturday,,4
22/05/2021,Saturday,,5
22/05/2021,Saturday,,3
22/05/2021,Saturday,,5
22/05/2021,Saturday,,11
22/05/2021,Saturday,,6
22/05/2021,Saturday,,6
22/05/2021,Saturday,,6
22/05/2021,Saturday,,12
22/05/2021,Saturday,,10
22/05/2021,Saturday,,26
22/05/2021,Saturday,,21
22/05/2021,Saturday,,15
22/05/2021,Saturday,,22
22/05/2021,Saturday,,37
22/05/2021,Saturday,,53
22/05/2021,Saturday,,54
22/05/2021,Saturday,,52
22/05/2021,Saturday,,72
22/05/2021,Saturday,,73
22/05/2021,Saturday,,116
22/05/2021,Saturday,,104
22/05/2021,Saturday,,116
22/05/2021,Saturday,,143
22/05/2021,Saturday,,198
22/05/2021,Saturday,,201
22/05/2021,Saturday,,191
22/05/2021,Saturday,,261
22/05/2021,Saturday,,263
22/05/2021,Saturday,,271
22/05/2021,Saturday,,257
22/05/2021,Saturday,,271
22/05/2021,Saturday,,242
22/05/2021,Saturday,,275
22/05/2021,Saturday,,279
22/05/2021,Saturday,,263
22/05/2021,Saturday,,279
22/05/2021,Saturday,,262
22/05/2021,Saturday,,258
22/05/2021,Saturday,,271
22/05/2021,Saturday,,273
22/05/2021,Saturday,,297
22/05/2021,Saturday,,223
22/05/2021,Saturday,,239
22/05/2021,Saturday,,249
22/05/2021,Saturday,,243
22/05/2021,Saturday,,235
22/05/2021,Saturday,,248
22/05/2021,Saturday,,227
22/05/2021,Saturday,,245
22/05/2021,Saturday,,228
22/05/2021,Saturday,,215
22/05/2021,Saturday,,232
22/05/2021,Saturday,,191
22/05/2021,Saturday,,185
22/05/2021,Saturday,,196
22/05/2021,Saturday,,219
22/05/2021,Saturday,,190
22/05/2021,Saturday,,169
22/05/2021,Saturday,,149
22/05/2021,Saturday,,173
22/05/2021,Saturday,,164
22/05/2021,Saturday,,145
22/05/2021,Saturday,,141
22/05/2021,Saturday,,131
22/05/2021,Saturday,,147
22/05/2021,Saturday,,109
22/05/2021,Saturday,,93
22/05/2021,Saturday,,80
22/05/2021,Saturday,,78
22/05/2021,Saturday,,69
22/05/2021,Saturday,,71
22/05/2021,Saturday,,68
22/05/2021,Saturday,,53
22/05/2021,Saturday,,52
22/05/2021,Saturday,,45
22/05/2021,Saturday,,42
22/05/2021,Saturday,,38
22/05/2021,Saturday,,34
22/05/2021,Saturday,,31
22/05/2021,Saturday,,43
22/05/2021,Saturday,,26
22/05/2021,Saturday,,24
22/05/2021,Saturday,,23
22/05/2021,Saturday,,13
23/05/2021,Sunday,,21
23/05/2021,Sunday,,26
23/05/2021,Sunday,,9
23/05/2021,Sunday,,14
23/05/2021,Sunday,,16
23/05/2021,Sunday,,11
23/05/2021,Sunday,,2
23/05/2021,Sunday,,7
23/05/2021,Sunday,,5
23/05/2021,Sunday,,5
23/05/2021,Sunday,,7
23/05/2021,Sunday,,1
23/05/2021,Sunday,,6
23/05/2021,Sunday,,1
23/05/2021,Sunday,,2
23/05/2021,Sunday,,3
23/05/2021,Sunday,,5
23/05/2021,Sunday,,2
23/05/2021,Sunday,,7
23/05/2021,Sunday,,6
23/05/2021,Sunday,,12
23/05/2021,Sunday,,11
23/05/2021,Sunday,,9
23/05/2021,Sunday,,13
23/05/2021,Sunday,,15
23/05/2021,Sunday,,23
23/05/2021,Sunday,,21
23/05/2021,Sunday,,37
23/05/2021,Sunday,,44
23/05/2021,Sunday,,66
23/05/2021,Sunday,,66
23/05/2021,Sunday,,58
23/05/2021,Sunday,,85
23/05/2021,Sunday,,108
23/05/2021,Sunday,,122
23/05/2021,Sunday,,136
23/05/2021,Sunday,,162
23/05/2021,Sunday,,180
23/05/2021,Sunday,,189
23/05/2021,Sunday,,234
23/05/2021,Sunday,,249
23/05/2021,Sunday,,247
23/05/2021,Sunday,,258
23/05/2021,Sunday,,171
23/05/2021,Sunday,,311
23/05/2021,Sunday,,149
23/05/2021,Sunday,,258
23/05/2021,Sunday,,229
23/05/2021,Sunday,,203
23/05/2021,Sunday,,253
23/05/2021,Sunday,,224
23/05/2021,Sunday,,217
23/05/2021,Sunday,,220
23/05/2021,Sunday,,223
23/05/2021,Sunday,,209
23/05/2021,Sunday,,223
23/05/2021,Sunday,,165
23/05/2021,Sunday,,127
23/05/2021,Sunday,,188
23/05/2021,Sunday,,190
23/05/2021,Sunday,,233
23/05/2021,Sunday,,179
23/05/2021,Sunday,,175
23/05/2021,Sunday,,203
23/05/2021,Sunday,,173
23/05/2021,Sunday,,196
23/05/2021,Sunday,,170
23/05/2021,Sunday,,157
23/05/2021,Sunday,,160
23/05/2021,Sunday,,147
23/05/2021,Sunday,,138
23/05/2021,Sunday,,118
23/05/2021,Sunday,,121
23/05/2021,Sunday,,121
23/05/2021,Sunday,,92
23/05/2021,Sunday,,90
23/05/2021,Sunday,,94
23/05/2021,Sunday,,112
23/05/2021,Sunday,,81
23/05/2021,Sunday,,84
23/05/2021,Sunday,,97
23/05/2021,Sunday,,64
23/05/2021,Sunday,,64
23/05/2021,Sunday,,48
23/05/2021,Sunday,,39
23/05/2021,Sunday,,55
23/05/2021,Sunday,,40
23/05/2021,Sunday,,42
23/05/2021,Sunday,,19
23/05/2021,Sunday,,22
23/05/2021,Sunday,,22
23/05/2021,Sunday,,27
23/05/2021,Sunday,,14
23/05/2021,Sunday,,18
23/05/2021,Sunday,,11
23/05/2021,Sunday,,5
24/05/2021,Monday,,6
24/05/2021,Monday,,10
24/05/2021,Monday,,7
24/05/2021,Monday,,5
24/05/2021,Monday,,0
24/05/2021,Monday,,4
24/05/2021,Monday,,5
24/05/2021,Monday,,4
24/05/2021,Monday,,2
24/05/2021,Monday,,2
24/05/2021,Monday,,1
24/05/2021,Monday,,7
24/05/2021,Monday,,1
24/05/2021,Monday,,4
24/05/2021,Monday,,4
24/05/2021,Monday,,5
24/05/2021,Monday,,7
24/05/2021,Monday,,12
24/05/2021,Monday,,6
24/05/2021,Monday,,13
24/05/2021,Monday,,20
24/05/2021,Monday,,35
24/05/2021,Monday,,46
24/05/2021,Monday,,33
24/05/2021,Monday,,40
24/05/2021,Monday,,66
24/05/2021,Monday,,91
24/05/2021,Monday,,123
24/05/2021,Monday,,116
24/05/2021,Monday,,198
24/05/2021,Monday,,173
24/05/2021,Monday,,232
24/05/2021,Monday,,218
24/05/2021,Monday,,231
24/05/2021,Monday,,213
24/05/2021,Monday,,191
24/05/2021,Monday,,219
24/05/2021,Monday,,209
24/05/2021,Monday,,202
24/05/2021,Monday,,260
24/05/2021,Monday,,218
24/05/2021,Monday,,217
24/05/2021,Monday,,246
24/05/2021,Monday,,208
24/05/2021,Monday,,227
24/05/2021,Monday,,224
24/05/2021,Monday,,251
24/05/2021,Monday,,241
24/05/2021,Monday,,225
24/05/2021,Monday,,242
24/05/2021,Monday,,285
24/05/2021,Monday,,252
24/05/2021,Monday,,262
24/05/2021,Monday,,218
24/05/2021,Monday,,286
24/05/2021,Monday,,224
24/05/2021,Monday,,233
24/05/2021,Monday,,249
24/05/2021,Monday,,265
24/05/2021,Monday,,165
24/05/2021,Monday,,229
24/05/2021,Monday,,218
24/05/2021,Monday,,216
24/05/2021,Monday,,211
24/05/2021,Monday,,164
24/05/2021,Monday,,270
24/05/2021,Monday,,177
24/05/2021,Monday,,228
24/05/2021,Monday,,207
24/05/2021,Monday,,217
24/05/2021,Monday,,189
24/05/2021,Monday,,196
24/05/2021,Monday,,175
24/05/2021,Monday,,135
24/05/2021,Monday,,118
24/05/2021,Monday,,111
24/05/2021,Monday,,100
24/05/2021,Monday,,102
24/05/2021,Monday,,83
24/05/2021,Monday,,76
24/05/2021,Monday,,66
24/05/2021,Monday,,87
24/05/2021,Monday,,59
24/05/2021,Monday,,47
24/05/2021,Monday,,58
24/05/2021,Monday,,41
24/05/2021,Monday,,43
24/05/2021,Monday,,32
24/05/2021,Monday,,21
24/05/2021,Monday,,25
24/05/2021,Monday,,36
24/05/2021,Monday,,10
24/05/2021,Monday,,18
24/05/2021,Monday,,14
24/05/2021,Monday,,11
24/05/2021,Monday,,8
25/05/2021,Tuesday,,12
25/05/2021,Tuesday,,8
25/05/2021,Tuesday,,9
25/05/2021,Tuesday,,5
25/05/2021,Tuesday,,2
25/05/2021,Tuesday,,3
25/05/2021,Tuesday,,1
25/05/2021,Tuesday,,9
25/05/2021,Tuesday,,2
25/05/2021,Tuesday,,2
25/05/2021,Tuesday,,4
25/05/2021,Tuesday,,4
25/05/2021,Tuesday,,2
25/05/2021,Tuesday,,8
25/05/2021,Tuesday,,7
25/05/2021,Tuesday,,4
25/05/2021,Tuesday,,5
25/05/2021,Tuesday,,8
25/05/2021,Tuesday,,11
25/05/2021,Tuesday,,13
25/05/2021,Tuesday,,22
25/05/2021,Tuesday,,37
25/05/2021,Tuesday,,44
25/05/2021,Tuesday,,41
25/05/2021,Tuesday,,44
25/05/2021,Tuesday,,55
25/05/2021,Tuesday,,74
25/05/2021,Tuesday,,110
25/05/2021,Tuesday,,152
25/05/2021,Tuesday,,160
25/05/2021,Tuesday,,196
25/05/2021,Tuesday,,228
25/05/2021,Tuesday,,200
25/05/2021,Tuesday,,251
25/05/2021,Tuesday,,175
25/05/2021,Tuesday,,204
25/05/2021,Tuesday,,223
25/05/2021,Tuesday,,178
25/05/2021,Tuesday,,189
25/05/2021,Tuesday,,210
25/05/2021,Tuesday,,197
25/05/2021,Tuesday,,176
25/05/2021,Tuesday,,213
25/05/2021,Tuesday,,174
25/05/2021,Tuesday,,191
25/05/2021,Tuesday,,224
25/05/2021,Tuesday,,194
25/05/2021,Tuesday,,179
25/05/2021,Tuesday,,176
25/05/2021,Tuesday,,212
25/05/2021,Tuesday,,187
25/05/2021,Tuesday,,187
25/05/2021,Tuesday,,207
25/05/2021,Tuesday,,192
25/05/2021,Tuesday,,183
25/05/2021,Tuesday,,166
25/05/2021,Tuesday,,156
25/05/2021,Tuesday,,164
25/05/2021,Tuesday,,166
25/05/2021,Tuesday,,188
25/05/2021,Tuesday,,149
25/05/2021,Tuesday,,211
25/05/2021,Tuesday,,175
25/05/2021,Tuesday,,176
25/05/2021,Tuesday,,208
25/05/2021,Tuesday,,180
25/05/2021,Tuesday,,182
25/05/2021,Tuesday,,187
25/05/2021,Tuesday,,208
25/05/2021,Tuesday,,220
25/05/2021,Tuesday,,175
25/05/2021,Tuesday,,191
25/05/2021,Tuesday,,160
25/05/2021,Tuesday,,186
25/05/2021,Tuesday,,122
25/05/2021,Tuesday,,108
25/05/2021,Tuesday,,112
25/05/2021,Tuesday,,94
25/05/2021,Tuesday,,89
25/05/2021,Tuesday,,85
25/05/2021,Tuesday,,79
25/05/2021,Tuesday,,72
25/05/2021,Tuesday,,76
25/05/2021,Tuesday,,54
25/05/2021,Tuesday,,50
25/05/2021,Tuesday,,50
25/05/2021,Tuesday,,36
25/05/2021,Tuesday,,29
25/05/2021,Tuesday,,27
25/05/2021,Tuesday,,35
25/05/2021,Tuesday,,26
25/05/2021,Tuesday,,28
25/05/2021,Tuesday,,18
25/05/2021,Tuesday,,15
25/05/2021,Tuesday,,9
25/05/2021,Tuesday,,9
26/05/2021,Wednesday,,12
26/05/2021,Wednesday,,9
26/05/2021,Wednesday,,6
26/05/2021,Wednesday,,4
26/05/2021,Wednesday,,7
26/05/2021,Wednesday,,3
26/05/2021,Wednesday,,1
26/05/2021,Wednesday,,2
26/05/2021,Wednesday,,2
26/05/2021,Wednesday,,1
26/05/2021,Wednesday,,8
26/05/2021,Wednesday,,3
26/05/2021,Wednesday,,3
26/05/2021,Wednesday,,3
26/05/2021,Wednesday,,7
26/05/2021,Wednesday,,4
26/05/2021,Wednesday,,5
26/05/2021,Wednesday,,5
26/05/2021,Wednesday,,13
26/05/2021,Wednesday,,11
26/05/2021,Wednesday,,23
26/05/2021,Wednesday,,24
26/05/2021,Wednesday,,38
26/05/2021,Wednesday,,41
26/05/2021,Wednesday,,48
26/05/2021,Wednesday,,61
26/05/2021,Wednesday,,67
26/05/2021,Wednesday,,106
26/05/2021,Wednesday,,144
26/05/2021,Wednesday,,177
26/05/2021,Wednesday,,206
26/05/2021,Wednesday,,189
26/05/2021,Wednesday,,220
26/05/2021,Wednesday,,221
26/05/2021,Wednesday,,200
26/05/2021,Wednesday,,184
26/05/2021,Wednesday,,176
26/05/2021,Wednesday,,187
26/05/2021,Wednesday,,165
26/05/2021,Wednesday,,210
26/05/2021,Wednesday,,192
26/05/2021,Wednesday,,216
26/05/2021,Wednesday,,196
26/05/2021,Wednesday,,169
26/05/2021,Wednesday,,201
26/05/2021,Wednesday,,171
26/05/2021,Wednesday,,214
26/05/2021,Wednesday,,202
26/05/2021,Wednesday,,177
26/05/2021,Wednesday,,181
26/05/2021,Wednesday,,243
26/05/2021,Wednesday,,197
26/05/2021,Wednesday,,180
26/05/2021,Wednesday,,192
26/05/2021,Wednesday,,221
26/05/2021,Wednesday,,201
26/05/2021,Wednesday,,199
26/05/2021,Wednesday,,167
26/05/2021,Wednesday,,194
26/05/2021,Wednesday,,182
26/05/2021,Wednesday,,196
26/05/2021,Wednesday,,167
26/05/2021,Wednesday,,196
26/05/2021,Wednesday,,211
26/05/2021,Wednesday,,203
26/05/2021,Wednesday,,217
26/05/2021,Wednesday,,205
26/05/2021,Wednesday,,211
26/05/2021,Wednesday,,184
26/05/2021,Wednesday,,260
26/05/2021,Wednesday,,173
26/05/2021,Wednesday,,182
26/05/2021,Wednesday,,149
26/05/2021,Wednesday,,147
26/05/2021,Wednesday,,139
26/05/2021,Wednesday,,136
26/05/2021,Wednesday,,110
26/05/2021,Wednesday,,99
26/05/2021,Wednesday,,122
26/05/2021,Wednesday,,93
26/05/2021,Wednesday,,92
26/05/2021,Wednesday,,77
26/05/2021,Wednesday,,71
26/05/2021,Wednesday,,61
26/05/2021,Wednesday,,51
26/05/2021,Wednesday,,42
26/05/2021,Wednesday,,60
26/05/2021,Wednesday,,43
26/05/2021,Wednesday,,30
26/05/2021,Wednesday,,44
26/05/2021,Wednesday,,22
26/05/2021,Wednesday,,17
26/05/2021,Wednesday,,18
26/05/2021,Wednesday,,23
26/05/2021,Wednesday,,11
26/05/2021,Wednesday,,12
27/05/2021,Thursday,,10
27/05/2021,Thursday,,9
27/05/2021,Thursday,,13
27/05/2021,Thursday,,8
27/05/2021,Thursday,,5
27/05/2021,Thursday,,4
27/05/2021,Thursday,,4
27/05/2021,Thursday,,3
27/05/2021,Thursday,,2
27/05/2021,Thursday,,7
27/05/2021,Thursday,,2
27/05/2021,Thursday,,5
27/05/2021,Thursday,,7
27/05/2021,Thursday,,8
27/05/2021,Thursday,,9
27/05/2021,Thursday,,8
27/05/2021,Thursday,,7
27/05/2021,Thursday,,7
27/05/2021,Thursday,,11
27/05/2021,Thursday,,11
27/05/2021,Thursday,,13
27/05/2021,Thursday,,23
27/05/2021,Thursday,,48
27/05/2021,Thursday,,28
27/05/2021,Thursday,,45
27/05/2021,Thursday,,55
27/05/2021,Thursday,,92
27/05/2021,Thursday,,115
27/05/2021,Thursday,,142
27/05/2021,Thursday,,159
27/05/2021,Thursday,,246
27/05/2021,Thursday,,211
27/05/2021,Thursday,,208
27/05/2021,Thursday,,244
27/05/2021,Thursday,,234
27/05/2021,Thursday,,257
27/05/2021,Thursday,,214
27/05/2021,Thursday,,223
27/05/2021,Thursday,,240
27/05/2021,Thursday,,272
27/05/2021,Thursday,,261
27/05/2021,Thursday,,255
27/05/2021,Thursday,,285
27/05/2021,Thursday,,264
27/05/2021,Thursday,,274
27/05/2021,Thursday,,249
27/05/2021,Thursday,,309
27/05/2021,Thursday,,285
27/05/2021,Thursday,,266
27/05/2021,Thursday,,238
27/05/2021,Thursday,,215
27/05/2021,Thursday,,247
27/05/2021,Thursday,,244
27/05/2021,Thursday,,196
27/05/2021,Thursday,,204
27/05/2021,Thursday,,197
27/05/2021,Thursday,,231
27/05/2021,Thursday,,180
27/05/2021,Thursday,,193
27/05/2021,Thursday,,219
27/05/2021,Thursday,,199
27/05/2021,Thursday,,214
27/05/2021,Thursday,,185
27/05/2021,Thursday,,187
27/05/2021,Thursday,,197
27/05/2021,Thursday,,225
27/05/2021,Thursday,,212
27/05/2021,Thursday,,236
27/05/2021,Thursday,,261
27/05/2021,Thursday,,202
27/05/2021,Thursday,,194
27/05/2021,Thursday,,219
27/05/2021,Thursday,,191
27/05/2021,Thursday,,206
27/05/2021,Thursday,,165
27/05/2021,Thursday,,154
27/05/2021,Thursday,,145
27/05/2021,Thursday,,115
27/05/2021,Thursday,,141
27/05/2021,Thursday,,117
27/05/2021,Thursday,,104
27/05/2021,Thursday,,109
27/05/2021,Thursday,,115
27/05/2021,Thursday,,75
27/05/2021,Thursday,,96
27/05/2021,Thursday,,53
27/05/2021,Thursday,,61
27/05/2021,Thursday,,50
27/05/2021,Thursday,,51
27/05/2021,Thursday,,47
27/05/2021,Thursday,,45
27/05/2021,Thursday,,27
27/05/2021,Thursday,,27
27/05/2021,Thursday,,30
27/05/2021,Thursday,,17
27/05/2021,Thursday,,15
28/05/2021,Friday,,18
28/05/2021,Friday,,16
28/05/2021,Friday,,20
28/05/2021,Friday,,8
28/05/2021,Friday,,10
28/05/2021,Friday,,9
28/05/2021,Friday,,11
28/05/2021,Friday,,9
28/05/2021,Friday,,2
28/05/2021,Friday,,2
28/05/2021,Friday,,3
28/05/2021,Friday,,6
28/05/2021,Friday,,7
28/05/2021,Friday,,3
28/05/2021,Friday,,5
28/05/2021,Friday,,9
28/05/2021,Friday,,13
28/05/2021,Friday,,10
28/05/2021,Friday,,12
28/05/2021,Friday,,18
28/05/2021,Friday,,13
28/05/2021,Friday,,33
28/05/2021,Friday,,36
28/05/2021,Friday,,32
28/05/2021,Friday,,38
28/05/2021,Friday,,66
28/05/2021,Friday,,71
28/05/2021,Friday,,121
28/05/2021,Friday,,148
28/05/2021,Friday,,166
28/05/2021,Friday,,178
28/05/2021,Friday,,223
28/05/2021,Friday,,220
28/05/2021,Friday,,205
28/05/2021,Friday,,275
28/05/2021,Friday,,224
28/05/2021,Friday,,239
28/05/2021,Friday,,211
28/05/2021,Friday,,255
28/05/2021,Friday,,265
28/05/2021,Friday,,260
28/05/2021,Friday,,269
28/05/2021,Friday,,273
28/05/2021,Friday,,263
28/05/2021,Friday,,261
28/05/2021,Friday,,267
28/05/2021,Friday,,268
28/05/2021,Friday,,256
28/05/2021,Friday,,266
28/05/2021,Friday,,238
28/05/2021,Friday,,257
28/05/2021,Friday,,291
28/05/2021,Friday,,273
28/05/2021,Friday,,258
28/05/2021,Friday,,279
28/05/2021,Friday,,256
28/05/2021,Friday,,266
28/05/2021,Friday,,281
28/05/2021,Friday,,236
28/05/2021,Friday,,269
28/05/2021,Friday,,296
28/05/2021,Friday,,237
28/05/2021,Friday,,270
28/05/2021,Friday,,273
28/05/2021,Friday,,271
28/05/2021,Friday,,289
28/05/2021,Friday,,298
28/05/2021,Friday,,282
28/05/2021,Friday,,295
28/05/2021,Friday,,293
28/05/2021,Friday,,282
28/05/2021,Friday,,258
28/05/2021,Friday,,263
28/05/2021,Friday,,267
28/05/2021,Friday,,249
28/05/2021,Friday,,249
28/05/2021,Friday,,261
28/05/2021,Friday,,264
28/05/2021,Friday,,261
28/05/2021,Friday,,240
28/05/2021,Friday,,281
28/05/2021,Friday,,279
28/05/2021,Friday,,270
28/05/2021,Friday,,184
28/05/2021,Friday,,145
28/05/2021,Friday,,119
28/05/2021,Friday,,112
28/05/2021,Friday,,94
28/05/2021,Friday,,81
28/05/2021,Friday,,72
28/05/2021,Friday,,65
28/05/2021,Friday,,45
28/05/2021,Friday,,39
28/05/2021,Friday,,55
28/05/2021,Friday,,51
28/05/2021,Friday,,42
29/05/2021,Saturday,,28
29/05/2021,Saturday,,32
29/05/2021,Saturday,,19
29/05/2021,Saturday,,12
29/05/2021,Saturday,,19
29/05/2021,Saturday,,9
29/05/2021,Saturday,,6
29/05/2021,Saturday,,6
29/05/2021,Saturday,,9
29/05/2021,Saturday,,8
29/05/2021,Saturday,,4
29/05/2021,Saturday,,11
29/05/2021,Saturday,,3
29/05/2021,Saturday,,7
29/05/2021,Saturday,,9
29/05/2021,Saturday,,8
29/05/2021,Saturday,,7
29/05/2021,Saturday,,12
29/05/2021,Saturday,,11
29/05/2021,Saturday,,11
29/05/2021,Saturday,,13
29/05/2021,Saturday,,24
29/05/2021,Saturday,,29
29/05/2021,Saturday,,22
29/05/2021,Saturday,,26
29/05/2021,Saturday,,34
29/05/2021,Saturday,,52
29/05/2021,Saturday,,67
29/05/2021,Saturday,,72
29/05/2021,Saturday,,94
29/05/2021,Saturday,,94
29/05/2021,Saturday,,102
29/05/2021,Saturday,,209
29/05/2021,Saturday,,199
29/05/2021,Saturday,,251
29/05/2021,Saturday,,267
29/05/2021,Saturday,,230
29/05/2021,Saturday,,316
29/05/2021,Saturday,,273
29/05/2021,Saturday,,306
29/05/2021,Saturday,,345
29/05/2021,Saturday,,305
29/05/2021,Saturday,,316
29/05/2021,Saturday,,315
29/05/2021,Saturday,,280
29/05/2021,Saturday,,281
29/05/2021,Saturday,,277
29/05/2021,Saturday,,258
29/05/2021,Saturday,,299
29/05/2021,Saturday,,288
29/05/2021,Saturday,,273
29/05/2021,Saturday,,265
29/05/2021,Saturday,,282
29/05/2021,Saturday,,297
29/05/2021,Saturday,,307
29/05/2021,Saturday,,281
29/05/2021,Saturday,,267
29/05/2021,Saturday,,259
29/05/2021,Saturday,,257
29/05/2021,Saturday,,278
29/05/2021,Saturday,,285
29/05/2021,Saturday,,293
29/05/2021,Saturday,,280
29/05/2021,Saturday,,302
29/05/2021,Saturday,,255
29/05/2021,Saturday,,255
29/05/2021,Saturday,,223
29/05/2021,Saturday,,266
29/05/2021,Saturday,,253
29/05/2021,Saturday,,224
29/05/2021,Saturday,,180
29/05/2021,Saturday,,206
29/05/2021,Saturday,,173
29/05/2021,Saturday,,181
29/05/2021,Saturday,,149
29/05/2021,Saturday,,136
29/05/2021,Saturday,,114
29/05/2021,Saturday,,132
29/05/2021,Saturday,,119
29/05/2021,Saturday,,104
29/05/2021,Saturday,,83
29/05/2021,Saturday,,84
29/05/2021,Saturday,,103
29/05/2021,Saturday,,74
29/05/2021,Saturday,,57
29/05/2021,Saturday,,66
29/05/2021,Saturday,,58
29/05/2021,Saturday,,41
29/05/2021,Saturday,,34
29/05/2021,Saturday,,44
29/05/2021,Saturday,,37
29/05/2021,Saturday,,43
29/05/2021,Saturday,,32
29/05/2021,Saturday,,36
29/05/2021,Saturday,,26
29/05/2021,Saturday,,25
30/05/2021,Sunday,,19
30/05/2021,Sunday,,13
30/05/2021,Sunday,,14
30/05/2021,Sunday,,10
30/05/2021,Sunday,,14
30/05/2021,Sunday,,11
30/05/2021,Sunday,,7
30/05/2021,Sunday,,7
30/05/2021,Sunday,,10
30/05/2021,Sunday,,1
30/05/2021,Sunday,,3
30/05/2021,Sunday,,3
30/05/2021,Sunday,,7
30/05/2021,Sunday,,3
30/05/2021,Sunday,,9
30/05/2021,Sunday,,3
30/05/2021,Sunday,,7
30/05/2021,Sunday,,2
30/05/2021,Sunday,,8
30/05/2021,Sunday,,6
30/05/2021,Sunday,,10
30/05/2021,Sunday,,17
30/05/2021,Sunday,,18
30/05/2021,Sunday,,21
30/05/2021,Sunday,,15
30/05/2021,Sunday,,21
30/05/2021,Sunday,,21
30/05/2021,Sunday,,46
30/05/2021,Sunday,,40
30/05/2021,Sunday,,57
30/05/2021,Sunday,,85
30/05/2021,Sunday,,107
30/05/2021,Sunday,,133
30/05/2021,Sunday,,201
30/05/2021,Sunday,,300
30/05/2021,Sunday,,290
30/05/2021,Sunday,,346
30/05/2021,Sunday,,330
30/05/2021,Sunday,,347
30/05/2021,Sunday,,338
30/05/2021,Sunday,,316
30/05/2021,Sunday,,331
30/05/2021,Sunday,,322
30/05/2021,Sunday,,306
30/05/2021,Sunday,,315
30/05/2021,Sunday,,311
30/05/2021,Sunday,,306
30/05/2021,Sunday,,317
30/05/2021,Sunday,,296
30/05/2021,Sunday,,293
30/05/2021,Sunday,,306
30/05/2021,Sunday,,305
30/05/2021,Sunday,,268
30/05/2021,Sunday,,293
30/05/2021,Sunday,,299
30/05/2021,Sunday,,235
30/05/2021,Sunday,,295
30/05/2021,Sunday,,292
30/05/2021,Sunday,,267
30/05/2021,Sunday,,226
30/05/2021,Sunday,,230
30/05/2021,Sunday,,208
30/05/2021,Sunday,,211
30/05/2021,Sunday,,206
30/05/2021,Sunday,,232
30/05/2021,Sunday,,202
30/05/2021,Sunday,,175
30/05/2021,Sunday,,195
30/05/2021,Sunday,,186
30/05/2021,Sunday,,181
30/05/2021,Sunday,,155
30/05/2021,Sunday,,143
30/05/2021,Sunday,,133
30/05/2021,Sunday,,115
30/05/2021,Sunday,,120
30/05/2021,Sunday,,93
30/05/2021,Sunday,,106
30/05/2021,Sunday,,93
30/05/2021,Sunday,,89
30/05/2021,Sunday,,85
30/05/2021,Sunday,,73
30/05/2021,Sunday,,71
30/05/2021,Sunday,,67
30/05/2021,Sunday,,76
30/05/2021,Sunday,,57
30/05/2021,Sunday,,57
30/05/2021,Sunday,,37
30/05/2021,Sunday,,49
30/05/2021,Sunday,,56
30/05/2021,Sunday,,29
30/05/2021,Sunday,,29
30/05/2021,Sunday,,21
30/05/2021,Sunday,,28
30/05/2021,Sunday,,21
30/05/2021,Sunday,,24
30/05/2021,Sunday,,15
31/05/2021,Monday,,17
31/05/2021,Monday,,13
31/05/2021,Monday,,12
31/05/2021,Monday,,11
31/05/2021,Monday,,5
31/05/2021,Monday,,6
31/05/2021,Monday,,5
31/05/2021,Monday,,4
31/05/2021,Monday,,7
31/05/2021,Monday,,4
31/05/2021,Monday,,4
31/05/2021,Monday,,4
31/05/2021,Monday,,0
31/05/2021,Monday,,3
31/05/2021,Monday,,5
31/05/2021,Monday,,5
31/05/2021,Monday,,7
31/05/2021,Monday,,10
31/05/2021,Monday,,6
31/05/2021,Monday,,8
31/05/2021,Monday,,19
31/05/2021,Monday,,19
31/05/2021,Monday,,22
31/05/2021,Monday,,20
31/05/2021,Monday,,20
31/05/2021,Monday,,32
31/05/2021,Monday,,38
31/05/2021,Monday,,48
31/05/2021,Monday,,63
31/05/2021,Monday,,67
31/05/2021,Monday,,93
31/05/2021,Monday,,108
31/05/2021,Monday,,176
31/05/2021,Monday,,230
31/05/2021,Monday,,277
31/05/2021,Monday,,310
31/05/2021,Monday,,332
31/05/2021,Monday,,318
31/05/2021,Monday,,308
31/05/2021,Monday,,341
31/05/2021,Monday,,318
31/05/2021,Monday,,357
31/05/2021,Monday,,300
31/05/2021,Monday,,237
31/05/2021,Monday,,332
31/05/2021,Monday,,262
31/05/2021,Monday,,274
31/05/2021,Monday,,284
31/05/2021,Monday,,306
31/05/2021,Monday,,277
31/05/2021,Monday,,278
31/05/2021,Monday,,300
31/05/2021,Monday,,260
31/05/2021,Monday,,278
31/05/2021,Monday,,288
31/05/2021,Monday,,257
31/05/2021,Monday,,270
31/05/2021,Monday,,287
31/05/2021,Monday,,272
31/05/2021,Monday,,290
31/05/2021,Monday,,268
31/05/2021,Monday,,298
31/05/2021,Monday,,206
31/05/2021,Monday,,214
31/05/2021,Monday,,216
31/05/2021,Monday,,190
31/05/2021,Monday,,212
31/05/2021,Monday,,179
31/05/2021,Monday,,163
31/05/2021,Monday,,164
31/05/2021,Monday,,134
31/05/2021,Monday,,148
31/05/2021,Monday,,128
31/05/2021,Monday,,121
31/05/2021,Monday,,114
31/05/2021,Monday,,119
31/05/2021,Monday,,97
31/05/2021,Monday,,116
31/05/2021,Monday,,89
31/05/2021,Monday,,89
31/05/2021,Monday,,94
31/05/2021,Monday,,98
31/05/2021,Monday,,81
31/05/2021,Monday,,72
31/05/2021,Monday,,76
31/05/2021,Monday,,39
31/05/2021,Monday,,53
31/05/2021,Monday,,31
31/05/2021,Monday,,37
31/05/2021,Monday,,30
31/05/2021,Monday,,34
31/05/2021,Monday,,30
31/05/2021,Monday,,34
31/05/2021,Monday,,27
31/05/2021,Monday,,13
31/05/2021,Monday,,13
01/05/2021,Saturday,,4
01/05/2021,Saturday,,10
01/05/2021,Saturday,,6
01/05/2021,Saturday,,3
01/05/2021,Saturday,,3
01/05/2021,Saturday,,3
01/05/2021,Saturday,,3
01/05/2021,Saturday,,8
01/05/2021,Saturday,,7
01/05/2021,Saturday,,2
01/05/2021,Saturday,,1
01/05/2021,Saturday,,1
01/05/2021,Saturday,,5
01/05/2021,Saturday,,3
01/05/2021,Saturday,,1
01/05/2021,Saturday,,2
01/05/2021,Saturday,,1
01/05/2021,Saturday,,1
01/05/2021,Saturday,,9
01/05/2021,Saturday,,2
01/05/2021,Saturday,,5
01/05/2021,Saturday,,4
01/05/2021,Saturday,,6
01/05/2021,Saturday,,18
01/05/2021,Saturday,,19
01/05/2021,Saturday,,20
01/05/2021,Saturday,,24
01/05/2021,Saturday,,19
01/05/2021,Saturday,,20
01/05/2021,Saturday,,21
01/05/2021,Saturday,,38
01/05/2021,Saturday,,46
01/05/2021,Saturday,,45
01/05/2021,Saturday,,64
01/05/2021,Saturday,,68
01/05/2021,Saturday,,77
01/05/2021,Saturday,,78
01/05/2021,Saturday,,101
01/05/2021,Saturday,,104
01/05/2021,Saturday,,143
01/05/2021,Saturday,,151
01/05/2021,Saturday,,133
01/05/2021,Saturday,,118
01/05/2021,Saturday,,157
01/05/2021,Saturday,,133
01/05/2021,Saturday,,140
01/05/2021,Saturday,,181
01/05/2021,Saturday,,140
01/05/2021,Saturday,,127
01/05/2021,Saturday,,138
01/05/2021,Saturday,,142
01/05/2021,Saturday,,146
01/05/2021,Saturday,,113
01/05/2021,Saturday,,157
01/05/2021,Saturday,,144
01/05/2021,Saturday,,131
01/05/2021,Saturday,,146
01/05/2021,Saturday,,122
01/05/2021,Saturday,,132
01/05/2021,Saturday,,138
01/05/2021,Saturday,,121
01/05/2021,Saturday,,130
01/05/2021,Saturday,,117
01/05/2021,Saturday,,112
01/05/2021,Saturday,,90
01/05/2021,Saturday,,94
01/05/2021,Saturday,,109
01/05/2021,Saturday,,94
01/05/2021,Saturday,,101
01/05/2021,Saturday,,91
01/05/2021,Saturday,,105
01/05/2021,Saturday,,89
01/05/2021,Saturday,,109
01/05/2021,Saturday,,81
01/05/2021,Saturday,,90
01/05/2021,Saturday,,99
01/05/2021,Saturday,,65
01/05/2021,Saturday,,63
01/05/2021,Saturday,,66
01/05/2021,Saturday,,50
01/05/2021,Saturday,,45
01/05/2021,Saturday,,50
01/05/2021,Saturday,,35
01/05/2021,Saturday,,35
01/05/2021,Saturday,,34
01/05/2021,Saturday,,28
01/05/2021,Saturday,,38
01/05/2021,Saturday,,23
01/05/2021,Saturday,,35
01/05/2021,Saturday,,29
01/05/2021,Saturday,,22
01/05/2021,Saturday,,11
01/05/2021,Saturday,,10
01/05/2021,Saturday,,10
01/05/2021,Saturday,,6
01/05/2021,Saturday,,6
02/05/2021,Sunday,,7
02/05/2021,Sunday,,6
02/05/2021,Sunday,,6
02/05/2021,Sunday,,5
02/05/2021,Sunday,,8
02/05/2021,Sunday,,6
02/05/2021,Sunday,,5
02/05/2021,Sunday,,4
02/05/2021,Sunday,,1
02/05/2021,Sunday,,0
02/05/2021,Sunday,,2
02/05/2021,Sunday,,3
02/05/2021,Sunday,,0
02/05/2021,Sunday,,2
02/05/2021,Sunday,,0
02/05/2021,Sunday,,1
02/05/2021,Sunday,,2
02/05/2021,Sunday,,2
02/05/2021,Sunday,,1
02/05/2021,Sunday,,1
02/05/2021,Sunday,,0
02/05/2021,Sunday,,0
02/05/2021,Sunday,,6
02/05/2021,Sunday,,9
02/05/2021,Sunday,,9
02/05/2021,Sunday,,6
02/05/2021,Sunday,,17
02/05/2021,Sunday,,10
02/05/2021,Sunday,,15
02/05/2021,Sunday,,6
02/05/2021,Sunday,,18
02/05/2021,Sunday,,26
02/05/2021,Sunday,,26
02/05/2021,Sunday,,30
02/05/2021,Sunday,,42
02/05/2021,Sunday,,50
02/05/2021,Sunday,,62
02/05/2021,Sunday,,94
02/05/2021,Sunday,,121
02/05/2021,Sunday,,120
02/05/2021,Sunday,,138
02/05/2021,Sunday,,130
02/05/2021,Sunday,,141
02/05/2021,Sunday,,148
02/05/2021,Sunday,,149
02/05/2021,Sunday,,161
02/05/2021,Sunday,,167
02/05/2021,Sunday,,142
02/05/2021,Sunday,,177
02/05/2021,Sunday,,166
02/05/2021,Sunday,,146
02/05/2021,Sunday,,173
02/05/2021,Sunday,,150
02/05/2021,Sunday,,149
02/05/2021,Sunday,,144
02/05/2021,Sunday,,106
02/05/2021,Sunday,,137
02/05/2021,Sunday,,114
02/05/2021,Sunday,,106
02/05/2021,Sunday,,110
02/05/2021,Sunday,,101
02/05/2021,Sunday,,111
02/05/2021,Sunday,,94
02/05/2021,Sunday,,109
02/05/2021,Sunday,,87
02/05/2021,Sunday,,72
02/05/2021,Sunday,,84
02/05/2021,Sunday,,68
02/05/2021,Sunday,,68
02/05/2021,Sunday,,62
02/05/2021,Sunday,,55
02/05/2021,Sunday,,55
02/05/2021,Sunday,,61
02/05/2021,Sunday,,50
02/05/2021,Sunday,,57
02/05/2021,Sunday,,65
02/05/2021,Sunday,,50
02/05/2021,Sunday,,44
02/05/2021,Sunday,,39
02/05/2021,Sunday,,47
02/05/2021,Sunday,,42
02/05/2021,Sunday,,35
02/05/2021,Sunday,,36
02/05/2021,Sunday,,32
02/05/2021,Sunday,,23
02/05/2021,Sunday,,19
02/05/2021,Sunday,,24
02/05/2021,Sunday,,20
02/05/2021,Sunday,,14
02/05/2021,Sunday,,17
02/05/2021,Sunday,,16
02/05/2021,Sunday,,15
02/05/2021,Sunday,,11
02/05/2021,Sunday,,9
02/05/2021,Sunday,,2
02/05/2021,Sunday,,10
03/05/2021,Monday,,11
03/05/2021,Monday,,3
03/05/2021,Monday,,3
03/05/2021,Monday,,5
03/05/2021,Monday,,1
03/05/2021,Monday,,0
03/05/2021,Monday,,5
03/05/2021,Monday,,1
03/05/2021,Monday,,1
03/05/2021,Monday,,2
03/05/2021,Monday,,1
03/05/2021,Monday,,1
03/05/2021,Monday,,1
03/05/2021,Monday,,4
03/05/2021,Monday,,1
03/05/2021,Monday,,1
03/05/2021,Monday,,5
03/05/2021,Monday,,4
03/05/2021,Monday,,5
03/05/2021,Monday,,4
03/05/2021,Monday,,5
03/05/2021,Monday,,5
03/05/2021,Monday,,10
03/05/2021,Monday,,13
03/05/2021,Monday,,10
03/05/2021,Monday,,11
03/05/2021,Monday,,28
03/05/2021,Monday,,16
03/05/2021,Monday,,10
03/05/2021,Monday,,14
03/05/2021,Monday,,25
03/05/2021,Monday,,32
03/05/2021,Monday,,40
03/05/2021,Monday,,39
03/05/2021,Monday,,53
03/05/2021,Monday,,55
03/05/2021,Monday,,45
03/05/2021,Monday,,
03/05/2021,Monday,,
03/05/2021,Monday,,
03/05/2021,Monday,,
03/05/2021,Monday,,
03/05/2021,Monday,,
03/05/2021,Monday,,
03/05/2021,Monday,,
03/05/2021,Monday,,
03/05/2021,Monday,,
03/05/2021,Monday,,
03/05/2021,Monday,,
03/05/2021,Monday,,
03/05/2021,Monday,,
03/05/2021,Monday,,
03/05/2021,Monday,,
03/05/2021,Monday,,
03/05/2021,Monday,,
03/05/2021,Monday,,
03/05/2021,Monday,,
03/05/2021,Monday,,
03/05/2021,Monday,,
03/05/2021,Monday,,
03/05/2021,Monday,,
03/05/2021,Monday,,
03/05/2021,Monday,,
03/05/2021,Monday,,
03/05/2021,Monday,,
03/05/2021,Monday,,
03/05/2021,Monday,,
03/05/2021,Monday,,
03/05/2021,Monday,,
03/05/2021,Monday,,
03/05/2021,Monday,,
03/05/2021,Monday,,
03/05/2021,Monday,,
03/05/2021,Monday,,
03/05/2021,Monday,,
03/05/2021,Monday,,
03/05/2021,Monday,,
03/05/2021,Monday,,
03/05/2021,Monday,,
03/05/2021,Monday,,
03/05/2021,Monday,,
03/05/2021,Monday,,
03/05/2021,Monday,,
03/05/2021,Monday,,
03/05/2021,Monday,,
03/05/2021,Monday,,
03/05/2021,Monday,,
03/05/2021,Monday,,
03/05/2021,Monday,,
03/05/2021,Monday,,
03/05/2021,Monday,,
03/05/2021,Monday,,
03/05/2021,Monday,,
03/05/2021,Monday,,
03/05/2021,Monday,,
03/05/2021,Monday,,
04/05/2021,Tuesday,,
04/05/2021,Tuesday,,
04/05/2021,Tuesday,,
04/05/2021,Tuesday,,
04/05/2021,Tuesday,,3
04/05/2021,Tuesday,,1
04/05/2021,Tuesday,,2
04/05/2021,Tuesday,,3
04/05/2021,Tuesday,,0
04/05/2021,Tuesday,,1
04/05/2021,Tuesday,,2
04/05/2021,Tuesday,,6
04/05/2021,Tuesday,,0
04/05/2021,Tuesday,,1
04/05/2021,Tuesday,,1
04/05/2021,Tuesday,,3
04/05/2021,Tuesday,,3
04/05/2021,Tuesday,,4
04/05/2021,Tuesday,,5
04/05/2021,Tuesday,,4
04/05/2021,Tuesday,,10
04/05/2021,Tuesday,,4
04/05/2021,Tuesday,,13
04/05/2021,Tuesday,,14
04/05/2021,Tuesday,,16
04/05/2021,Tuesday,,28
04/05/2021,Tuesday,,40
04/05/2021,Tuesday,,34
04/05/2021,Tuesday,,32
04/05/2021,Tuesday,,50
04/05/2021,Tuesday,,76
04/05/2021,Tuesday,,110
04/05/2021,Tuesday,,103
04/05/2021,Tuesday,,97
04/05/2021,Tuesday,,128
04/05/2021,Tuesday,,96
04/05/2021,Tuesday,,88
04/05/2021,Tuesday,,98
04/05/2021,Tuesday,,92
04/05/2021,Tuesday,,110
04/05/2021,Tuesday,,99
04/05/2021,Tuesday,,117
04/05/2021,Tuesday,,96
04/05/2021,Tuesday,,111
04/05/2021,Tuesday,,116
04/05/2021,Tuesday,,97
04/05/2021,Tuesday,,116
04/05/2021,Tuesday,,98
04/05/2021,Tuesday,,97
04/05/2021,Tuesday,,96
04/05/2021,Tuesday,,84
04/05/2021,Tuesday,,99
04/05/2021,Tuesday,,119
04/05/2021,Tuesday,,99
04/05/2021,Tuesday,,105
04/05/2021,Tuesday,,90
04/05/2021,Tuesday,,90
04/05/2021,Tuesday,,103
04/05/2021,Tuesday,,82
04/05/2021,Tuesday,,96
04/05/2021,Tuesday,,95
04/05/2021,Tuesday,,105
04/05/2021,Tuesday,,109
04/05/2021,Tuesday,,109
04/05/2021,Tuesday,,134
04/05/2021,Tuesday,,118
04/05/2021,Tuesday,,120
04/05/2021,Tuesday,,119
04/05/2021,Tuesday,,160
04/05/2021,Tuesday,,113
04/05/2021,Tuesday,,127
04/05/2021,Tuesday,,110
04/05/2021,Tuesday,,101
04/05/2021,Tuesday,,83
04/05/2021,Tuesday,,78
04/05/2021,Tuesday,,69
04/05/2021,Tuesday,,66
04/05/2021,Tuesday,,59
04/05/2021,Tuesday,,57
04/05/2021,Tuesday,,52
04/05/2021,Tuesday,,37
04/05/2021,Tuesday,,23
04/05/2021,Tuesday,,32
04/05/2021,Tuesday,,30
04/05/2021,Tuesday,,31
04/05/2021,Tuesday,,13
04/05/2021,Tuesday,,27
04/05/2021,Tuesday,,22
04/05/2021,Tuesday,,27
04/05/2021,Tuesday,,24
04/05/2021,Tuesday,,20
04/05/2021,Tuesday,,14
04/05/2021,Tuesday,,7
04/05/2021,Tuesday,,6
04/05/2021,Tuesday,,3
04/05/2021,Tuesday,,6
05/05/2021,Wednesday,,8
05/05/2021,Wednesday,,1
05/05/2021,Wednesday,,6
05/05/2021,Wednesday,,3
05/05/2021,Wednesday,,2
05/05/2021,Wednesday,,0
05/05/2021,Wednesday,,3
05/05/2021,Wednesday,,4
05/05/2021,Wednesday,,2
05/05/2021,Wednesday,,1
05/05/2021,Wednesday,,7
05/05/2021,Wednesday,,4
05/05/2021,Wednesday,,2
05/05/2021,Wednesday,,1
05/05/2021,Wednesday,,4
05/05/2021,Wednesday,,4
05/05/2021,Wednesday,,2
05/05/2021,Wednesday,,2
05/05/2021,Wednesday,,5
05/05/2021,Wednesday,,8
05/05/2021,Wednesday,,8
05/05/2021,Wednesday,,9
05/05/2021,Wednesday,,10
05/05/2021,Wednesday,,17
05/05/2021,Wednesday,,24
05/05/2021,Wednesday,,44
05/05/2021,Wednesday,,34
05/05/2021,Wednesday,,28
05/05/2021,Wednesday,,41
05/05/2021,Wednesday,,51
05/05/2021,Wednesday,,84
05/05/2021,Wednesday,,106
05/05/2021,Wednesday,,101
05/05/2021,Wednesday,,106
05/05/2021,Wednesday,,111
05/05/2021,Wednesday,,91
05/05/2021,Wednesday,,87
05/05/2021,Wednesday,,88
05/05/2021,Wednesday,,96
05/05/2021,Wednesday,,94
05/05/2021,Wednesday,,105
05/05/2021,Wednesday,,98
05/05/2021,Wednesday,,106
05/05/2021,Wednesday,,100
05/05/2021,Wednesday,,119
05/05/2021,Wednesday,,112
05/05/2021,Wednesday,,108
05/05/2021,Wednesday,,122
05/05/2021,Wednesday,,123
05/05/2021,Wednesday,,102
05/05/2021,Wednesday,,112
05/05/2021,Wednesday,,83
05/05/2021,Wednesday,,83
05/05/2021,Wednesday,,103
05/05/2021,Wednesday,,98
05/05/2021,Wednesday,,81
05/05/2021,Wednesday,,108
05/05/2021,Wednesday,,104
05/05/2021,Wednesday,,101
05/05/2021,Wednesday,,81
05/05/2021,Wednesday,,75
05/05/2021,Wednesday,,94
05/05/2021,Wednesday,,95
05/05/2021,Wednesday,,88
05/05/2021,Wednesday,,117
05/05/2021,Wednesday,,128
05/05/2021,Wednesday,,122
05/05/2021,Wednesday,,119
05/05/2021,Wednesday,,168
05/05/2021,Wednesday,,123
05/05/2021,Wednesday,,131
05/05/2021,Wednesday,,106
05/05/2021,Wednesday,,124
05/05/2021,Wednesday,,100
05/05/2021,Wednesday,,80
05/05/2021,Wednesday,,72
05/05/2021,Wednesday,,74
05/05/2021,Wednesday,,45
05/05/2021,Wednesday,,49
05/05/2021,Wednesday,,54
05/05/2021,Wednesday,,43
05/05/2021,Wednesday,,39
05/05/2021,Wednesday,,43
05/05/2021,Wednesday,,43
05/05/2021,Wednesday,,22
05/05/2021,Wednesday,,27
05/05/2021,Wednesday,,22
05/05/2021,Wednesday,,18
05/05/2021,Wednesday,,24
05/05/2021,Wednesday,,14
05/05/2021,Wednesday,,19
05/05/2021,Wednesday,,13
05/05/2021,Wednesday,,14
05/05/2021,Wednesday,,8
05/05/2021,Wednesday,,6
05/05/2021,Wednesday,,6
06/05/2021,Thursday,,8
06/05/2021,Thursday,,7
06/05/2021,Thursday,,2
06/05/2021,Thursday,,2
06/05/2021,Thursday,,3
06/05/2021,Thursday,,1
06/05/2021,Thursday,,0
06/05/2021,Thursday,,1
06/05/2021,Thursday,,2
06/05/2021,Thursday,,2
06/05/2021,Thursday,,4
06/05/2021,Thursday,,2
06/05/2021,Thursday,,0
06/05/2021,Thursday,,3
06/05/2021,Thursday,,5
06/05/2021,Thursday,,3
06/05/2021,Thursday,,6
06/05/2021,Thursday,,4
06/05/2021,Thursday,,5
06/05/2021,Thursday,,5
06/05/2021,Thursday,,6
06/05/2021,Thursday,,4
06/05/2021,Thursday,,15
06/05/2021,Thursday,,14
06/05/2021,Thursday,,26
06/05/2021,Thursday,,46
06/05/2021,Thursday,,32
06/05/2021,Thursday,,45
06/05/2021,Thursday,,38
06/05/2021,Thursday,,56
06/05/2021,Thursday,,76
06/05/2021,Thursday,,94
06/05/2021,Thursday,,82
06/05/2021,Thursday,,99
06/05/2021,Thursday,,135
06/05/2021,Thursday,,99
06/05/2021,Thursday,,80
06/05/2021,Thursday,,101
06/05/2021,Thursday,,106
06/05/2021,Thursday,,106
06/05/2021,Thursday,,120
06/05/2021,Thursday,,113
06/05/2021,Thursday,,113
06/05/2021,Thursday,,114
06/05/2021,Thursday,,110
06/05/2021,Thursday,,98
06/05/2021,Thursday,,117
06/05/2021,Thursday,,99
06/05/2021,Thursday,,103
06/05/2021,Thursday,,123
06/05/2021,Thursday,,91
06/05/2021,Thursday,,105
06/05/2021,Thursday,,100
06/05/2021,Thursday,,102
06/05/2021,Thursday,,81
06/05/2021,Thursday,,130
06/05/2021,Thursday,,103
06/05/2021,Thursday,,94
06/05/2021,Thursday,,112
06/05/2021,Thursday,,109
06/05/2021,Thursday,,102
06/05/2021,Thursday,,113
06/05/2021,Thursday,,109
06/05/2021,Thursday,,100
06/05/2021,Thursday,,121
06/05/2021,Thursday,,130
06/05/2021,Thursday,,105
06/05/2021,Thursday,,105
06/05/2021,Thursday,,170
06/05/2021,Thursday,,133
06/05/2021,Thursday,,117
06/05/2021,Thursday,,107
06/05/2021,Thursday,,97
06/05/2021,Thursday,,109
06/05/2021,Thursday,,106
06/05/2021,Thursday,,94
06/05/2021,Thursday,,80
06/05/2021,Thursday,,47
06/05/2021,Thursday,,51
06/05/2021,Thursday,,49
06/05/2021,Thursday,,44
06/05/2021,Thursday,,43
06/05/2021,Thursday,,42
06/05/2021,Thursday,,27
06/05/2021,Thursday,,32
06/05/2021,Thursday,,24
06/05/2021,Thursday,,23
06/05/2021,Thursday,,31
06/05/2021,Thursday,,24
06/05/2021,Thursday,,16
06/05/2021,Thursday,,25
06/05/2021,Thursday,,16
06/05/2021,Thursday,,10
06/05/2021,Thursday,,10
06/05/2021,Thursday,,10
06/05/2021,Thursday,,10
07/05/2021,Friday,,6
07/05/2021,Friday,,7
07/05/2021,Friday,,5
07/05/2021,Friday,,3
07/05/2021,Friday,,2
07/05/2021,Friday,,6
07/05/2021,Friday,,4
07/05/2021,Friday,,2
07/05/2021,Friday,,2
07/05/2021,Friday,,3
07/05/2021,Friday,,6
07/05/2021,Friday,,4
07/05/2021,Friday,,4
07/05/2021,Friday,,3
07/05/2021,Friday,,4
07/05/2021,Friday,,6
07/05/2021,Friday,,1
07/05/2021,Friday,,3
07/05/2021,Friday,,3
07/05/2021,Friday,,21
07/05/2021,Friday,,8
07/05/2021,Friday,,5
07/05/2021,Friday,,15
07/05/2021,Friday,,12
07/05/2021,Friday,,23
07/05/2021,Friday,,17
07/05/2021,Friday,,39
07/05/2021,Friday,,48
07/05/2021,Friday,,39
07/05/2021,Friday,,64
07/05/2021,Friday,,78
07/05/2021,Friday,,86
07/05/2021,Friday,,92
07/05/2021,Friday,,86
07/05/2021,Friday,,103
07/05/2021,Friday,,117
07/05/2021,Friday,,92
07/05/2021,Friday,,86
07/05/2021,Friday,,113
07/05/2021,Friday,,112
07/05/2021,Friday,,100
07/05/2021,Friday,,113
07/05/2021,Friday,,114
07/05/2021,Friday,,113
07/05/2021,Friday,,127
07/05/2021,Friday,,113
07/05/2021,Friday,,115
07/05/2021,Friday,,113
07/05/2021,Friday,,134
07/05/2021,Friday,,107
07/05/2021,Friday,,120
07/05/2021,Friday,,130
07/05/2021,Friday,,130
07/05/2021,Friday,,103
07/05/2021,Friday,,114
07/05/2021,Friday,,112
07/05/2021,Friday,,111
07/05/2021,Friday,,108
07/05/2021,Friday,,117
07/05/2021,Friday,,124
07/05/2021,Friday,,117
07/05/2021,Friday,,107
07/05/2021,Friday,,106
07/05/2021,Friday,,110
07/05/2021,Friday,,130
07/05/2021,Friday,,129
07/05/2021,Friday,,115
07/05/2021,Friday,,129
07/05/2021,Friday,,143
07/05/2021,Friday,,122
07/05/2021,Friday,,133
07/05/2021,Friday,,126
07/05/2021,Friday,,123
07/05/2021,Friday,,102
07/05/2021,Friday,,115
07/05/2021,Friday,,107
07/05/2021,Friday,,94
07/05/2021,Friday,,95
07/05/2021,Friday,,73
07/05/2021,Friday,,77
07/05/2021,Friday,,54
07/05/2021,Friday,,65
07/05/2021,Friday,,59
07/05/2021,Friday,,52
07/05/2021,Friday,,47
07/05/2021,Friday,,38
07/05/2021,Friday,,40
07/05/2021,Friday,,31
07/05/2021,Friday,,36
07/05/2021,Friday,,28
07/05/2021,Friday,,20
07/05/2021,Friday,,12
07/05/2021,Friday,,8
07/05/2021,Friday,,20
07/05/2021,Friday,,12
07/05/2021,Friday,,17
08/05/2021,Saturday,,10
08/05/2021,Saturday,,7
08/05/2021,Saturday,,8
08/05/2021,Saturday,,6
08/05/2021,Saturday,,0
08/05/2021,Saturday,,4
08/05/2021,Saturday,,4
08/05/2021,Saturday,,2
08/05/2021,Saturday,,8
08/05/2021,Saturday,,2
08/05/2021,Saturday,,1
08/05/2021,Saturday,,2
08/05/2021,Saturday,,2
08/05/2021,Saturday,,1
08/05/2021,Saturday,,2
08/05/2021,Saturday,,3
08/05/2021,Saturday,,3
08/05/2021,Saturday,,3
08/05/2021,Saturday,,2
08/05/2021,Saturday,,5
08/05/2021,Saturday,,3
08/05/2021,Saturday,,4
08/05/2021,Saturday,,6
08/05/2021,Saturday,,16
08/05/2021,Saturday,,15
08/05/2021,Saturday,,13
08/05/2021,Saturday,,34
08/05/2021,Saturday,,23
08/05/2021,Saturday,,21
08/05/2021,Saturday,,26
08/05/2021,Saturday,,24
08/05/2021,Saturday,,46
08/05/2021,Saturday,,59
08/05/2021,Saturday,,52
08/05/2021,Saturday,,70
08/05/2021,Saturday,,61
08/05/2021,Saturday,,51
08/05/2021,Saturday,,
08/05/2021,Saturday,,
08/05/2021,Saturday,,
08/05/2021,Saturday,,
08/05/2021,Saturday,,
08/05/2021,Saturday,,
08/05/2021,Saturday,,
08/05/2021,Saturday,,
08/05/2021,Saturday,,
08/05/2021,Saturday,,
08/05/2021,Saturday,,
08/05/2021,Saturday,,
08/05/2021,Saturday,,
08/05/2021,Saturday,,
08/05/2021,Saturday,,
08/05/2021,Saturday,,
08/05/2021,Saturday,,
08/05/2021,Saturday,,
08/05/2021,Saturday,,
08/05/2021,Saturday,,
08/05/2021,Saturday,,
08/05/2021,Saturday,,
08/05/2021,Saturday,,
08/05/2021,Saturday,,
08/05/2021,Saturday,,
08/05/2021,Saturday,,
08/05/2021,Saturday,,
08/05/2021,Saturday,,
08/05/2021,Saturday,,
08/05/2021,Saturday,,
08/05/2021,Saturday,,
08/05/2021,Saturday,,
08/05/2021,Saturday,,
08/05/2021,Saturday,,
08/05/2021,Saturday,,
08/05/2021,Saturday,,
08/05/2021,Saturday,,
08/05/2021,Saturday,,
08/05/2021,Saturday,,
08/05/2021,Saturday,,
08/05/2021,Saturday,,
08/05/2021,Saturday,,
08/05/2021,Saturday,,
08/05/2021,Saturday,,
08/05/2021,Saturday,,
08/05/2021,Saturday,,
08/05/2021,Saturday,,
08/05/2021,Saturday,,
08/05/2021,Saturday,,
08/05/2021,Saturday,,
08/05/2021,Saturday,,
08/05/2021,Saturday,,
08/05/2021,Saturday,,
08/05/2021,Saturday,,
08/05/2021,Saturday,,
08/05/2021,Saturday,,
08/05/2021,Saturday,,
08/05/2021,Saturday,,
08/05/2021,Saturday,,
09/05/2021,Sunday,,
09/05/2021,Sunday,,
09/05/2021,Sunday,,
09/05/2021,Sunday,,
09/05/2021,Sunday,,
09/05/2021,Sunday,,
09/05/2021,Sunday,,
09/05/2021,Sunday,,
09/05/2021,Sunday,,
09/05/2021,Sunday,,
09/05/2021,Sunday,,
09/05/2021,Sunday,,
09/05/2021,Sunday,,
09/05/2021,Sunday,,
09/05/2021,Sunday,,
09/05/2021,Sunday,,
09/05/2021,Sunday,,
09/05/2021,Sunday,,
09/05/2021,Sunday,,
09/05/2021,Sunday,,
09/05/2021,Sunday,,
09/05/2021,Sunday,,
09/05/2021,Sunday,,
09/05/2021,Sunday,,
09/05/2021,Sunday,,
09/05/2021,Sunday,,
09/05/2021,Sunday,,
09/05/2021,Sunday,,
09/05/2021,Sunday,,
09/05/2021,Sunday,,
09/05/2021,Sunday,,
09/05/2021,Sunday,,
09/05/2021,Sunday,,
09/05/2021,Sunday,,
09/05/2021,Sunday,,
09/05/2021,Sunday,,
09/05/2021,Sunday,,
09/05/2021,Sunday,,
09/05/2021,Sunday,,
09/05/2021,Sunday,,
09/05/2021,Sunday,,
09/05/2021,Sunday,,
09/05/2021,Sunday,,
09/05/2021,Sunday,,
09/05/2021,Sunday,,
09/05/2021,Sunday,,
09/05/2021,Sunday,,
09/05/2021,Sunday,,
09/05/2021,Sunday,,
09/05/2021,Sunday,,
09/05/2021,Sunday,,
09/05/2021,Sunday,,
09/05/2021,Sunday,,
09/05/2021,Sunday,,
09/05/2021,Sunday,,
09/05/2021,Sunday,,
09/05/2021,Sunday,,
09/05/2021,Sunday,,
09/05/2021,Sunday,,
09/05/2021,Sunday,,
09/05/2021,Sunday,,
09/05/2021,Sunday,,
09/05/2021,Sunday,,
09/05/2021,Sunday,,
09/05/2021,Sunday,,
09/05/2021,Sunday,,
09/05/2021,Sunday,,
09/05/2021,Sunday,,
09/05/2021,Sunday,,
09/05/2021,Sunday,,
09/05/2021,Sunday,,
09/05/2021,Sunday,,
09/05/2021,Sunday,,
09/05/2021,Sunday,,
09/05/2021,Sunday,,
09/05/2021,Sunday,,
09/05/2021,Sunday,,
09/05/2021,Sunday,,
09/05/2021,Sunday,,
09/05/2021,Sunday,,
09/05/2021,Sunday,,
09/05/2021,Sunday,,
09/05/2021,Sunday,,
09/05/2021,Sunday,,
09/05/2021,Sunday,,
09/05/2021,Sunday,,
09/05/2021,Sunday,,
09/05/2021,Sunday,,
09/05/2021,Sunday,,
09/05/2021,Sunday,,
09/05/2021,Sunday,,
09/05/2021,Sunday,,
09/05/2021,Sunday,,
09/05/2021,Sunday,,
09/05/2021,Sunday,,
09/05/2021,Sunday,,
10/05/2021,Monday,,
10/05/2021,Monday,,
10/05/2021,Monday,,
10/05/2021,Monday,,
10/05/2021,Monday,,1
10/05/2021,Monday,,2
10/05/2021,Monday,,3
10/05/2021,Monday,,0
10/05/2021,Monday,,0
10/05/2021,Monday,,1
10/05/2021,Monday,,1
10/05/2021,Monday,,2
10/05/2021,Monday,,0
10/05/2021,Monday,,2
10/05/2021,Monday,,3
10/05/2021,Monday,,2
10/05/2021,Monday,,6
10/05/2021,Monday,,2
10/05/2021,Monday,,5
10/05/2021,Monday,,9
10/05/2021,Monday,,8
10/05/2021,Monday,,3
10/05/2021,Monday,,8
10/05/2021,Monday,,18
10/05/2021,Monday,,16
10/05/2021,Monday,,20
10/05/2021,Monday,,27
10/05/2021,Monday,,35
10/05/2021,Monday,,47
10/05/2021,Monday,,59
10/05/2021,Monday,,83
10/05/2021,Monday,,83
10/05/2021,Monday,,100
10/05/2021,Monday,,110
10/05/2021,Monday,,113
10/05/2021,Monday,,83
10/05/2021,Monday,,102
10/05/2021,Monday,,96
10/05/2021,Monday,,105
10/05/2021,Monday,,93
10/05/2021,Monday,,99
10/05/2021,Monday,,103
10/05/2021,Monday,,116
10/05/2021,Monday,,101
10/05/2021,Monday,,108
10/05/2021,Monday,,116
10/05/2021,Monday,,124
10/05/2021,Monday,,116
10/05/2021,Monday,,94
10/05/2021,Monday,,93
10/05/2021,Monday,,88
10/05/2021,Monday,,106
10/05/2021,Monday,,105
10/05/2021,Monday,,88
10/05/2021,Monday,,91
10/05/2021,Monday,,104
10/05/2021,Monday,,115
10/05/2021,Monday,,102
10/05/2021,Monday,,120
10/05/2021,Monday,,90
10/05/2021,Monday,,79
10/05/2021,Monday,,106
10/05/2021,Monday,,130
10/05/2021,Monday,,104
10/05/2021,Monday,,127
10/05/2021,Monday,,130
10/05/2021,Monday,,118
10/05/2021,Monday,,117
10/05/2021,Monday,,158
10/05/2021,Monday,,126
10/05/2021,Monday,,112
10/05/2021,Monday,,96
10/05/2021,Monday,,96
10/05/2021,Monday,,99
10/05/2021,Monday,,101
10/05/2021,Monday,,94
10/05/2021,Monday,,70
10/05/2021,Monday,,50
10/05/2021,Monday,,55
10/05/2021,Monday,,51
10/05/2021,Monday,,40
10/05/2021,Monday,,41
10/05/2021,Monday,,31
10/05/2021,Monday,,29
10/05/2021,Monday,,26
10/05/2021,Monday,,21
10/05/2021,Monday,,25
10/05/2021,Monday,,25
10/05/2021,Monday,,36
10/05/2021,Monday,,11
10/05/2021,Monday,,21
10/05/2021,Monday,,11
10/05/2021,Monday,,13
10/05/2021,Monday,,6
10/05/2021,Monday,,5
10/05/2021,Monday,,4
11/05/2021,Tuesday,,5
11/05/2021,Tuesday,,2
11/05/2021,Tuesday,,9
11/05/2021,Tuesday,,5
11/05/2021,Tuesday,,4
11/05/2021,Tuesday,,5
11/05/2021,Tuesday,,1
11/05/2021,Tuesday,,0
11/05/2021,Tuesday,,2
11/05/2021,Tuesday,,2
11/05/2021,Tuesday,,1
11/05/2021,Tuesday,,5
11/05/2021,Tuesday,,0
11/05/2021,Tuesday,,2
11/05/2021,Tuesday,,6
11/05/2021,Tuesday,,3
11/05/2021,Tuesday,,4
11/05/2021,Tuesday,,5
11/05/2021,Tuesday,,6
11/05/2021,Tuesday,,14
11/05/2021,Tuesday,,5
11/05/2021,Tuesday,,1
11/05/2021,Tuesday,,12
11/05/2021,Tuesday,,9
11/05/2021,Tuesday,,20
11/05/2021,Tuesday,,22
11/05/2021,Tuesday,,35
11/05/2021,Tuesday,,45
11/05/2021,Tuesday,,36
11/05/2021,Tuesday,,58
11/05/2021,Tuesday,,90
11/05/2021,Tuesday,,103
11/05/2021,Tuesday,,92
11/05/2021,Tuesday,,102
11/05/2021,Tuesday,,103
11/05/2021,Tuesday,,105
11/05/2021,Tuesday,,116
11/05/2021,Tuesday,,116
11/05/2021,Tuesday,,107
11/05/2021,Tuesday,,118
11/05/2021,Tuesday,,105
11/05/2021,Tuesday,,85
11/05/2021,Tuesday,,124
11/05/2021,Tuesday,,104
11/05/2021,Tuesday,,124
11/05/2021,Tuesday,,104
11/05/2021,Tuesday,,95
11/05/2021,Tuesday,,109
11/05/2021,Tuesday,,106
11/05/2021,Tuesday,,89
11/05/2021,Tuesday,,93
11/05/2021,Tuesday,,91
11/05/2021,Tuesday,,93
11/05/2021,Tuesday,,105
11/05/2021,Tuesday,,109
11/05/2021,Tuesday,,94
11/05/2021,Tuesday,,98
11/05/2021,Tuesday,,97
11/05/2021,Tuesday,,112
11/05/2021,Tuesday,,98
11/05/2021,Tuesday,,116
11/05/2021,Tuesday,,89
11/05/2021,Tuesday,,94
11/05/2021,Tuesday,,89
11/05/2021,Tuesday,,142
11/05/2021,Tuesday,,119
11/05/2021,Tuesday,,115
11/05/2021,Tuesday,,108
11/05/2021,Tuesday,,175
11/05/2021,Tuesday,,123
11/05/2021,Tuesday,,106
11/05/2021,Tuesday,,109
11/05/2021,Tuesday,,98
11/05/2021,Tuesday,,115
11/05/2021,Tuesday,,96
11/05/2021,Tuesday,,69
11/05/2021,Tuesday,,66
11/05/2021,Tuesday,,56
11/05/2021,Tuesday,,52
11/05/2021,Tuesday,,34
11/05/2021,Tuesday,,43
11/05/2021,Tuesday,,40
11/05/2021,Tuesday,,40
11/05/2021,Tuesday,,47
11/05/2021,Tuesday,,28
11/05/2021,Tuesday,,25
11/05/2021,Tuesday,,11
11/05/2021,Tuesday,,19
11/05/2021,Tuesday,,24
11/05/2021,Tuesday,,19
11/05/2021,Tuesday,,23
11/05/2021,Tuesday,,16
11/05/2021,Tuesday,,15
11/05/2021,Tuesday,,12
11/05/2021,Tuesday,,9
11/05/2021,Tuesday,,4
12/05/2021,Wednesday,,2
12/05/2021,Wednesday,,4
12/05/2021,Wednesday,,1
12/05/2021,Wednesday,,3
12/05/2021,Wednesday,,5
12/05/2021,Wednesday,,0
12/05/2021,Wednesday,,0
12/05/2021,Wednesday,,1
12/05/2021,Wednesday,,2
12/05/2021,Wednesday,,4
12/05/2021,Wednesday,,1
12/05/2021,Wednesday,,3
12/05/2021,Wednesday,,0
12/05/2021,Wednesday,,3
12/05/2021,Wednesday,,4
12/05/2021,Wednesday,,2
12/05/2021,Wednesday,,4
12/05/2021,Wednesday,,4
12/05/2021,Wednesday,,5
12/05/2021,Wednesday,,14
12/05/2021,Wednesday,,5
12/05/2021,Wednesday,,4
12/05/2021,Wednesday,,10
12/05/2021,Wednesday,,23
12/05/2021,Wednesday,,24
12/05/2021,Wednesday,,36
12/05/2021,Wednesday,,32
12/05/2021,Wednesday,,37
12/05/2021,Wednesday,,46
12/05/2021,Wednesday,,70
12/05/2021,Wednesday,,81
12/05/2021,Wednesday,,100
12/05/2021,Wednesday,,97
12/05/2021,Wednesday,,92
12/05/2021,Wednesday,,128
12/05/2021,Wednesday,,80
12/05/2021,Wednesday,,102
12/05/2021,Wednesday,,95
12/05/2021,Wednesday,,100
12/05/2021,Wednesday,,104
12/05/2021,Wednesday,,95
12/05/2021,Wednesday,,104
12/05/2021,Wednesday,,106
12/05/2021,Wednesday,,131
12/05/2021,Wednesday,,99
12/05/2021,Wednesday,,117
12/05/2021,Wednesday,,102
12/05/2021,Wednesday,,125
12/05/2021,Wednesday,,120
12/05/2021,Wednesday,,99
12/05/2021,Wednesday,,105
12/05/2021,Wednesday,,103
12/05/2021,Wednesday,,104
12/05/2021,Wednesday,,72
12/05/2021,Wednesday,,111
12/05/2021,Wednesday,,84
12/05/2021,Wednesday,,94
12/05/2021,Wednesday,,88
12/05/2021,Wednesday,,96
12/05/2021,Wednesday,,96
12/05/2021,Wednesday,,86
12/05/2021,Wednesday,,84
12/05/2021,Wednesday,,132
12/05/2021,Wednesday,,89
12/05/2021,Wednesday,,129
12/05/2021,Wednesday,,126
12/05/2021,Wednesday,,123
12/05/2021,Wednesday,,103
12/05/2021,Wednesday,,150
12/05/2021,Wednesday,,120
12/05/2021,Wednesday,,106
12/05/2021,Wednesday,,116
12/05/2021,Wednesday,,112
12/05/2021,Wednesday,,122
12/05/2021,Wednesday,,87
12/05/2021,Wednesday,,76
12/05/2021,Wednesday,,88
12/05/2021,Wednesday,,69
12/05/2021,Wednesday,,51
12/05/2021,Wednesday,,43
12/05/2021,Wednesday,,55
12/05/2021,Wednesday,,52
12/05/2021,Wednesday,,41
12/05/2021,Wednesday,,44
12/05/2021,Wednesday,,40
12/05/2021,Wednesday,,28
12/05/2021,Wednesday,,26
12/05/2021,Wednesday,,25
12/05/2021,Wednesday,,25
12/05/2021,Wednesday,,19
12/05/2021,Wednesday,,27
12/05/2021,Wednesday,,15
12/05/2021,Wednesday,,14
12/05/2021,Wednesday,,19
12/05/2021,Wednesday,,13
12/05/2021,Wednesday,,5
13/05/2021,Thursday,,9
13/05/2021,Thursday,,2
13/05/2021,Thursday,,4
13/05/2021,Thursday,,4
13/05/2021,Thursday,,1
13/05/2021,Thursday,,3
13/05/2021,Thursday,,3
13/05/2021,Thursday,,4
13/05/2021,Thursday,,1
13/05/2021,Thursday,,1
13/05/2021,Thursday,,1
13/05/2021,Thursday,,2
13/05/2021,Thursday,,3
13/05/2021,Thursday,,0
13/05/2021,Thursday,,0
13/05/2021,Thursday,,2
13/05/2021,Thursday,,3
13/05/2021,Thursday,,6
13/05/2021,Thursday,,6
13/05/2021,Thursday,,11
13/05/2021,Thursday,,5
13/05/2021,Thursday,,6
13/05/2021,Thursday,,9
13/05/2021,Thursday,,13
13/05/2021,Thursday,,26
13/05/2021,Thursday,,32
13/05/2021,Thursday,,45
13/05/2021,Thursday,,34
13/05/2021,Thursday,,42
13/05/2021,Thursday,,66
13/05/2021,Thursday,,78
13/05/2021,Thursday,,100
13/05/2021,Thursday,,88
13/05/2021,Thursday,,125
13/05/2021,Thursday,,97
13/05/2021,Thursday,,117
13/05/2021,Thursday,,93
13/05/2021,Thursday,,124
13/05/2021,Thursday,,123
13/05/2021,Thursday,,124
13/05/2021,Thursday,,118
13/05/2021,Thursday,,149
13/05/2021,Thursday,,157
13/05/2021,Thursday,,149
13/05/2021,Thursday,,108
13/05/2021,Thursday,,125
13/05/2021,Thursday,,140
13/05/2021,Thursday,,141
13/05/2021,Thursday,,120
13/05/2021,Thursday,,138
13/05/2021,Thursday,,127
13/05/2021,Thursday,,123
13/05/2021,Thursday,,118
13/05/2021,Thursday,,130
13/05/2021,Thursday,,109
13/05/2021,Thursday,,106
13/05/2021,Thursday,,124
13/05/2021,Thursday,,114
13/05/2021,Thursday,,127
13/05/2021,Thursday,,106
13/05/2021,Thursday,,101
13/05/2021,Thursday,,116
13/05/2021,Thursday,,110
13/05/2021,Thursday,,102
13/05/2021,Thursday,,138
13/05/2021,Thursday,,140
13/05/2021,Thursday,,121
13/05/2021,Thursday,,100
13/05/2021,Thursday,,173
13/05/2021,Thursday,,127
13/05/2021,Thursday,,143
13/05/2021,Thursday,,70
13/05/2021,Thursday,,83
13/05/2021,Thursday,,102
13/05/2021,Thursday,,84
13/05/2021,Thursday,,48
13/05/2021,Thursday,,46
13/05/2021,Thursday,,63
13/05/2021,Thursday,,48
13/05/2021,Thursday,,54
13/05/2021,Thursday,,35
13/05/2021,Thursday,,28
13/05/2021,Thursday,,25
13/05/2021,Thursday,,24
13/05/2021,Thursday,,39
13/05/2021,Thursday,,17
13/05/2021,Thursday,,26
13/05/2021,Thursday,,12
13/05/2021,Thursday,,30
13/05/2021,Thursday,,13
13/05/2021,Thursday,,12
13/05/2021,Thursday,,14
13/05/2021,Thursday,,8
13/05/2021,Thursday,,9
13/05/2021,Thursday,,8
13/05/2021,Thursday,,6
14/05/2021,Friday,,12
14/05/2021,Friday,,5
14/05/2021,Friday,,5
14/05/2021,Friday,,1
14/05/2021,Friday,,7
14/05/2021,Friday,,3
14/05/2021,Friday,,8
14/05/2021,Friday,,2
14/05/2021,Friday,,2
14/05/2021,Friday,,1
14/05/2021,Friday,,2
14/05/2021,Friday,,2
14/05/2021,Friday,,3
14/05/2021,Friday,,2
14/05/2021,Friday,,3
14/05/2021,Friday,,5
14/05/2021,Friday,,2
14/05/2021,Friday,,2
14/05/2021,Friday,,6
14/05/2021,Friday,,15
14/05/2021,Friday,,6
14/05/2021,Friday,,12
14/05/2021,Friday,,8
14/05/2021,Friday,,15
14/05/2021,Friday,,24
14/05/2021,Friday,,22
14/05/2021,Friday,,33
14/05/2021,Friday,,43
14/05/2021,Friday,,42
14/05/2021,Friday,,55
14/05/2021,Friday,,84
14/05/2021,Friday,,92
14/05/2021,Friday,,114
14/05/2021,Friday,,98
14/05/2021,Friday,,106
14/05/2021,Friday,,97
14/05/2021,Friday,,109
14/05/2021,Friday,,85
14/05/2021,Friday,,83
14/05/2021,Friday,,103
14/05/2021,Friday,,101
14/05/2021,Friday,,98
14/05/2021,Friday,,116
14/05/2021,Friday,,110
14/05/2021,Friday,,119
14/05/2021,Friday,,129
14/05/2021,Friday,,103
14/05/2021,Friday,,120
14/05/2021,Friday,,134
14/05/2021,Friday,,101
14/05/2021,Friday,,117
14/05/2021,Friday,,129
14/05/2021,Friday,,119
14/05/2021,Friday,,128
14/05/2021,Friday,,123
14/05/2021,Friday,,127
14/05/2021,Friday,,111
14/05/2021,Friday,,140
14/05/2021,Friday,,99
14/05/2021,Friday,,141
14/05/2021,Friday,,124
14/05/2021,Friday,,114
14/05/2021,Friday,,107
14/05/2021,Friday,,124
14/05/2021,Friday,,121
14/05/2021,Friday,,126
14/05/2021,Friday,,118
14/05/2021,Friday,,134
14/05/2021,Friday,,150
14/05/2021,Friday,,110
14/05/2021,Friday,,142
14/05/2021,Friday,,135
14/05/2021,Friday,,112
14/05/2021,Friday,,93
14/05/2021,Friday,,109
14/05/2021,Friday,,106
14/05/2021,Friday,,117
14/05/2021,Friday,,87
14/05/2021,Friday,,89
14/05/2021,Friday,,75
14/05/2021,Friday,,65
14/05/2021,Friday,,65
14/05/2021,Friday,,47
14/05/2021,Friday,,51
14/05/2021,Friday,,40
14/05/2021,Friday,,40
14/05/2021,Friday,,33
14/05/2021,Friday,,29
14/05/2021,Friday,,32
14/05/2021,Friday,,34
14/05/2021,Friday,,31
14/05/2021,Friday,,22
14/05/2021,Friday,,17
14/05/2021,Friday,,13
14/05/2021,Friday,,11
14/05/2021,Friday,,8
15/05/2021,Saturday,,5
15/05/2021,Saturday,,16
15/05/2021,Saturday,,8
15/05/2021,Saturday,,4
15/05/2021,Saturday,,5
15/05/2021,Saturday,,11
15/05/2021,Saturday,,8
15/05/2021,Saturday,,6
15/05/2021,Saturday,,2
15/05/2021,Saturday,,3
15/05/2021,Saturday,,3
15/05/2021,Saturday,,4
15/05/2021,Saturday,,0
15/05/2021,Saturday,,1
15/05/2021,Saturday,,2
15/05/2021,Saturday,,1
15/05/2021,Saturday,,3
15/05/2021,Saturday,,6
15/05/2021,Saturday,,4
15/05/2021,Saturday,,3
15/05/2021,Saturday,,0
15/05/2021,Saturday,,12
15/05/2021,Saturday,,7
15/05/2021,Saturday,,9
15/05/2021,Saturday,,16
15/05/2021,Saturday,,14
15/05/2021,Saturday,,26
15/05/2021,Saturday,,20
15/05/2021,Saturday,,29
15/05/2021,Saturday,,28
15/05/2021,Saturday,,31
15/05/2021,Saturday,,52
15/05/2021,Saturday,,57
15/05/2021,Saturday,,58
15/05/2021,Saturday,,83
15/05/2021,Saturday,,81
15/05/2021,Saturday,,82
15/05/2021,Saturday,,99
15/05/2021,Saturday,,101
15/05/2021,Saturday,,95
15/05/2021,Saturday,,101
15/05/2021,Saturday,,131
15/05/2021,Saturday,,138
15/05/2021,Saturday,,137
15/05/2021,Saturday,,143
15/05/2021,Saturday,,131
15/05/2021,Saturday,,136
15/05/2021,Saturday,,120
15/05/2021,Saturday,,138
15/05/2021,Saturday,,137
15/05/2021,Saturday,,156
15/05/2021,Saturday,,132
15/05/2021,Saturday,,135
15/05/2021,Saturday,,124
15/05/2021,Saturday,,142
15/05/2021,Saturday,,117
15/05/2021,Saturday,,103
15/05/2021,Saturday,,145
15/05/2021,Saturday,,108
15/05/2021,Saturday,,98
15/05/2021,Saturday,,117
15/05/2021,Saturday,,94
15/05/2021,Saturday,,74
15/05/2021,Saturday,,119
15/05/2021,Saturday,,104
15/05/2021,Saturday,,85
15/05/2021,Saturday,,88
15/05/2021,Saturday,,103
15/05/2021,Saturday,,106
15/05/2021,Saturday,,66
15/05/2021,Saturday,,92
15/05/2021,Saturday,,85
15/05/2021,Saturday,,92
15/05/2021,Saturday,,71
15/05/2021,Saturday,,77
15/05/2021,Saturday,,83
15/05/2021,Saturday,,67
15/05/2021,Saturday,,56
15/05/2021,Saturday,,46
15/05/2021,Saturday,,48
15/05/2021,Saturday,,49
15/05/2021,Saturday,,38
15/05/2021,Saturday,,43
15/05/2021,Saturday,,43
15/05/2021,Saturday,,37
15/05/2021,Saturday,,41
15/05/2021,Saturday,,27
15/05/2021,Saturday,,35
15/05/2021,Saturday,,17
15/05/2021,Saturday,,27
15/05/2021,Saturday,,21
15/05/2021,Saturday,,21
15/05/2021,Saturday,,16
15/05/2021,Saturday,,13
15/05/2021,Saturday,,10
15/05/2021,Saturday,,12
16/05/2021,Sunday,,15
16/05/2021,Sunday,,6
16/05/2021,Sunday,,4
16/05/2021,Sunday,,5
16/05/2021,Sunday,,1
16/05/2021,Sunday,,5
16/05/2021,Sunday,,4
16/05/2021,Sunday,,3
16/05/2021,Sunday,,0
16/05/2021,Sunday,,3
16/05/2021,Sunday,,1
16/05/2021,Sunday,,0
16/05/2021,Sunday,,1
16/05/2021,Sunday,,1
16/05/2021,Sunday,,3
16/05/2021,Sunday,,2
16/05/2021,Sunday,,0
16/05/2021,Sunday,,0
16/05/2021,Sunday,,5
16/05/2021,Sunday,,5
16/05/2021,Sunday,,4
16/05/2021,Sunday,,3
16/05/2021,Sunday,,7
16/05/2021,Sunday,,7
16/05/2021,Sunday,,9
16/05/2021,Sunday,,13
16/05/2021,Sunday,,25
16/05/2021,Sunday,,12
16/05/2021,Sunday,,6
16/05/2021,Sunday,,21
16/05/2021,Sunday,,13
16/05/2021,Sunday,,25
16/05/2021,Sunday,,25
16/05/2021,Sunday,,29
16/05/2021,Sunday,,25
16/05/2021,Sunday,,35
16/05/2021,Sunday,,39
16/05/2021,Sunday,,51
16/05/2021,Sunday,,60
16/05/2021,Sunday,,101
16/05/2021,Sunday,,98
16/05/2021,Sunday,,94
16/05/2021,Sunday,,110
16/05/2021,Sunday,,128
16/05/2021,Sunday,,126
16/05/2021,Sunday,,112
16/05/2021,Sunday,,144
16/05/2021,Sunday,,141
16/05/2021,Sunday,,136
16/05/2021,Sunday,,152
16/05/2021,Sunday,,137
16/05/2021,Sunday,,137
16/05/2021,Sunday,,147
16/05/2021,Sunday,,134
16/05/2021,Sunday,,129
16/05/2021,Sunday,,129
16/05/2021,Sunday,,104
16/05/2021,Sunday,,103
16/05/2021,Sunday,,115
16/05/2021,Sunday,,99
16/05/2021,Sunday,,108
16/05/2021,Sunday,,111
16/05/2021,Sunday,,93
16/05/2021,Sunday,,96
16/05/2021,Sunday,,116
16/05/2021,Sunday,,81
16/05/2021,Sunday,,86
16/05/2021,Sunday,,63
16/05/2021,Sunday,,77
16/05/2021,Sunday,,73
16/05/2021,Sunday,,52
16/05/2021,Sunday,,61
16/05/2021,Sunday,,67
16/05/2021,Sunday,,62
16/05/2021,Sunday,,56
16/05/2021,Sunday,,68
16/05/2021,Sunday,,50
16/05/2021,Sunday,,38
16/05/2021,Sunday,,39
16/05/2021,Sunday,,35
16/05/2021,Sunday,,29
16/05/2021,Sunday,,35
16/05/2021,Sunday,,32
16/05/2021,Sunday,,30
16/05/2021,Sunday,,23
16/05/2021,Sunday,,26
16/05/2021,Sunday,,18
16/05/2021,Sunday,,24
16/05/2021,Sunday,,21
16/05/2021,Sunday,,17
16/05/2021,Sunday,,11
16/05/2021,Sunday,,8
16/05/2021,Sunday,,10
16/05/2021,Sunday,,9
16/05/2021,Sunday,,9
16/05/2021,Sunday,,4
17/05/2021,Monday,,8
17/05/2021,Monday,,3
17/05/2021,Monday,,1
17/05/2021,Monday,,7
17/05/2021,Monday,,2
17/05/2021,Monday,,4
17/05/2021,Monday,,1
17/05/2021,Monday,,1
17/05/2021,Monday,,4
17/05/2021,Monday,,2
17/05/2021,Monday,,0
17/05/2021,Monday,,1
17/05/2021,Monday,,0
17/05/2021,Monday,,2
17/05/2021,Monday,,1
17/05/2021,Monday,,1
17/05/2021,Monday,,3
17/05/2021,Monday,,7
17/05/2021,Monday,,4
17/05/2021,Monday,,4
17/05/2021,Monday,,11
17/05/2021,Monday,,3
17/05/2021,Monday,,17
17/05/2021,Monday,,20
17/05/2021,Monday,,19
17/05/2021,Monday,,25
17/05/2021,Monday,,23
17/05/2021,Monday,,37
17/05/2021,Monday,,51
17/05/2021,Monday,,63
17/05/2021,Monday,,86
17/05/2021,Monday,,84
17/05/2021,Monday,,104
17/05/2021,Monday,,117
17/05/2021,Monday,,99
17/05/2021,Monday,,128
17/05/2021,Monday,,109
17/05/2021,Monday,,111
17/05/2021,Monday,,124
17/05/2021,Monday,,112
17/05/2021,Monday,,109
17/05/2021,Monday,,105
17/05/2021,Monday,,110
17/05/2021,Monday,,125
17/05/2021,Monday,,130
17/05/2021,Monday,,100
17/05/2021,Monday,,113
17/05/2021,Monday,,129
17/05/2021,Monday,,119
17/05/2021,Monday,,118
17/05/2021,Monday,,128
17/05/2021,Monday,,121
17/05/2021,Monday,,121
17/05/2021,Monday,,116
17/05/2021,Monday,,120
17/05/2021,Monday,,119
17/05/2021,Monday,,123
17/05/2021,Monday,,126
17/05/2021,Monday,,113
17/05/2021,Monday,,110
17/05/2021,Monday,,111
17/05/2021,Monday,,96
17/05/2021,Monday,,110
17/05/2021,Monday,,122
17/05/2021,Monday,,145
17/05/2021,Monday,,140
17/05/2021,Monday,,150
17/05/2021,Monday,,118
17/05/2021,Monday,,175
17/05/2021,Monday,,120
17/05/2021,Monday,,111
17/05/2021,Monday,,119
17/05/2021,Monday,,104
17/05/2021,Monday,,127
17/05/2021,Monday,,106
17/05/2021,Monday,,64
17/05/2021,Monday,,78
17/05/2021,Monday,,62
17/05/2021,Monday,,44
17/05/2021,Monday,,35
17/05/2021,Monday,,54
17/05/2021,Monday,,45
17/05/2021,Monday,,39
17/05/2021,Monday,,29
17/05/2021,Monday,,35
17/05/2021,Monday,,29
17/05/2021,Monday,,28
17/05/2021,Monday,,19
17/05/2021,Monday,,36
17/05/2021,Monday,,14
17/05/2021,Monday,,25
17/05/2021,Monday,,7
17/05/2021,Monday,,14
17/05/2021,Monday,,8
17/05/2021,Monday,,8
17/05/2021,Monday,,4
18/05/2021,Tuesday,,8
18/05/2021,Tuesday,,6
18/05/2021,Tuesday,,8
18/05/2021,Tuesday,,2
18/05/2021,Tuesday,,4
18/05/2021,Tuesday,,5
18/05/2021,Tuesday,,0
18/05/2021,Tuesday,,2
18/05/2021,Tuesday,,1
18/05/2021,Tuesday,,2
18/05/2021,Tuesday,,0
18/05/2021,Tuesday,,6
18/05/2021,Tuesday,,2
18/05/2021,Tuesday,,1
18/05/2021,Tuesday,,8
18/05/2021,Tuesday,,2
18/05/2021,Tuesday,,2
18/05/2021,Tuesday,,3
18/05/2021,Tuesday,,7
18/05/2021,Tuesday,,9
18/05/2021,Tuesday,,7
18/05/2021,Tuesday,,3
18/05/2021,Tuesday,,14
18/05/2021,Tuesday,,20
18/05/2021,Tuesday,,25
18/05/2021,Tuesday,,30
18/05/2021,Tuesday,,41
18/05/2021,Tuesday,,46
18/05/2021,Tuesday,,39
18/05/2021,Tuesday,,40
18/05/2021,Tuesday,,88
18/05/2021,Tuesday,,106
18/05/2021,Tuesday,,112
18/05/2021,Tuesday,,116
18/05/2021,Tuesday,,122
18/05/2021,Tuesday,,94
18/05/2021,Tuesday,,100
18/05/2021,Tuesday,,81
18/05/2021,Tuesday,,103
18/05/2021,Tuesday,,119
18/05/2021,Tuesday,,107
18/05/2021,Tuesday,,114
18/05/2021,Tuesday,,114
18/05/2021,Tuesday,,122
18/05/2021,Tuesday,,115
18/05/2021,Tuesday,,125
18/05/2021,Tuesday,,100
18/05/2021,Tuesday,,115
18/05/2021,Tuesday,,124
18/05/2021,Tuesday,,128
18/05/2021,Tuesday,,128
18/05/2021,Tuesday,,126
18/05/2021,Tuesday,,114
18/05/2021,Tuesday,,92
18/05/2021,Tuesday,,103
18/05/2021,Tuesday,,92
18/05/2021,Tuesday,,130
18/05/2021,Tuesday,,88
18/05/2021,Tuesday,,128
18/05/2021,Tuesday,,100
18/05/2021,Tuesday,,85
18/05/2021,Tuesday,,106
18/05/2021,Tuesday,,112
18/05/2021,Tuesday,,100
18/05/2021,Tuesday,,129
18/05/2021,Tuesday,,119
18/05/2021,Tuesday,,144
18/05/2021,Tuesday,,97
18/05/2021,Tuesday,,156
18/05/2021,Tuesday,,119
18/05/2021,Tuesday,,129
18/05/2021,Tuesday,,103
18/05/2021,Tuesday,,98
18/05/2021,Tuesday,,116
18/05/2021,Tuesday,,99
18/05/2021,Tuesday,,83
18/05/2021,Tuesday,,64
18/05/2021,Tuesday,,51
18/05/2021,Tuesday,,55
18/05/2021,Tuesday,,56
18/05/2021,Tuesday,,36
18/05/2021,Tuesday,,48
18/05/2021,Tuesday,,39
18/05/2021,Tuesday,,28
18/05/2021,Tuesday,,37
18/05/2021,Tuesday,,34
18/05/2021,Tuesday,,29
18/05/2021,Tuesday,,29
18/05/2021,Tuesday,,35
18/05/2021,Tuesday,,16
18/05/2021,Tuesday,,24
18/05/2021,Tuesday,,16
18/05/2021,Tuesday,,10
18/05/2021,Tuesday,,11
18/05/2021,Tuesday,,9
18/05/2021,Tuesday,,4
19/05/2021,Wednesday,,8
19/05/2021,Wednesday,,5
19/05/2021,Wednesday,,2
19/05/2021,Wednesday,,2
19/05/2021,Wednesday,,0
19/05/2021,Wednesday,,1
19/05/2021,Wednesday,,2
19/05/2021,Wednesday,,0
19/05/2021,Wednesday,,3
19/05/2021,Wednesday,,0
19/05/2021,Wednesday,,2
19/05/2021,Wednesday,,4
19/05/2021,Wednesday,,1
19/05/2021,Wednesday,,4
19/05/2021,Wednesday,,4
19/05/2021,Wednesday,,4
19/05/2021,Wednesday,,4
19/05/2021,Wednesday,,8
19/05/2021,Wednesday,,6
19/05/2021,Wednesday,,13
19/05/2021,Wednesday,,10
19/05/2021,Wednesday,,3
19/05/2021,Wednesday,,11
19/05/2021,Wednesday,,18
19/05/2021,Wednesday,,20
19/05/2021,Wednesday,,34
19/05/2021,Wednesday,,52
19/05/2021,Wednesday,,38
19/05/2021,Wednesday,,46
19/05/2021,Wednesday,,66
19/05/2021,Wednesday,,103
19/05/2021,Wednesday,,101
19/05/2021,Wednesday,,107
19/05/2021,Wednesday,,92
19/05/2021,Wednesday,,117
19/05/2021,Wednesday,,90
19/05/2021,Wednesday,,92
19/05/2021,Wednesday,,106
19/05/2021,Wednesday,,105
19/05/2021,Wednesday,,116
19/05/2021,Wednesday,,117
19/05/2021,Wednesday,,129
19/05/2021,Wednesday,,137
19/05/2021,Wednesday,,132
19/05/2021,Wednesday,,118
19/05/2021,Wednesday,,119
19/05/2021,Wednesday,,122
19/05/2021,Wednesday,,119
19/05/2021,Wednesday,,116
19/05/2021,Wednesday,,101
19/05/2021,Wednesday,,133
19/05/2021,Wednesday,,93
19/05/2021,Wednesday,,108
19/05/2021,Wednesday,,93
19/05/2021,Wednesday,,94
19/05/2021,Wednesday,,107
19/05/2021,Wednesday,,120
19/05/2021,Wednesday,,106
19/05/2021,Wednesday,,111
19/05/2021,Wednesday,,101
19/05/2021,Wednesday,,107
19/05/2021,Wednesday,,116
19/05/2021,Wednesday,,96
19/05/2021,Wednesday,,110
19/05/2021,Wednesday,,135
19/05/2021,Wednesday,,106
19/05/2021,Wednesday,,130
19/05/2021,Wednesday,,118
19/05/2021,Wednesday,,172
19/05/2021,Wednesday,,137
19/05/2021,Wednesday,,107
19/05/2021,Wednesday,,126
19/05/2021,Wednesday,,101
19/05/2021,Wednesday,,80
19/05/2021,Wednesday,,120
19/05/2021,Wednesday,,80
19/05/2021,Wednesday,,80
19/05/2021,Wednesday,,64
19/05/2021,Wednesday,,67
19/05/2021,Wednesday,,53
19/05/2021,Wednesday,,49
19/05/2021,Wednesday,,53
19/05/2021,Wednesday,,36
19/05/2021,Wednesday,,35
19/05/2021,Wednesday,,32
19/05/2021,Wednesday,,31
19/05/2021,Wednesday,,30
19/05/2021,Wednesday,,26
19/05/2021,Wednesday,,29
19/05/2021,Wednesday,,21
19/05/2021,Wednesday,,26
19/05/2021,Wednesday,,10
19/05/2021,Wednesday,,19
19/05/2021,Wednesday,,15
19/05/2021,Wednesday,,12
19/05/2021,Wednesday,,6
20/05/2021,Thursday,,7
20/05/2021,Thursday,,5
20/05/2021,Thursday,,7
20/05/2021,Thursday,,5
20/05/2021,Thursday,,2
20/05/2021,Thursday,,0
20/05/2021,Thursday,,5
20/05/2021,Thursday,,3
20/05/2021,Thursday,,4
20/05/2021,Thursday,,1
20/05/2021,Thursday,,4
20/05/2021,Thursday,,6
20/05/2021,Thursday,,0
20/05/2021,Thursday,,2
20/05/2021,Thursday,,4
20/05/2021,Thursday,,2
20/05/2021,Thursday,,4
20/05/2021,Thursday,,5
20/05/2021,Thursday,,7
20/05/2021,Thursday,,10
20/05/2021,Thursday,,10
20/05/2021,Thursday,,10
20/05/2021,Thursday,,16
20/05/2021,Thursday,,23
20/05/2021,Thursday,,30
20/05/2021,Thursday,,32
20/05/2021,Thursday,,42
20/05/2021,Thursday,,30
20/05/2021,Thursday,,38
20/05/2021,Thursday,,60
20/05/2021,Thursday,,78
20/05/2021,Thursday,,104
20/05/2021,Thursday,,103
20/05/2021,Thursday,,106
20/05/2021,Thursday,,97
20/05/2021,Thursday,,106
20/05/2021,Thursday,,104
20/05/2021,Thursday,,91
20/05/2021,Thursday,,103
20/05/2021,Thursday,,109
20/05/2021,Thursday,,119
20/05/2021,Thursday,,105
20/05/2021,Thursday,,122
20/05/2021,Thursday,,107
20/05/2021,Thursday,,119
20/05/2021,Thursday,,110
20/05/2021,Thursday,,118
20/05/2021,Thursday,,143
20/05/2021,Thursday,,136
20/05/2021,Thursday,,128
20/05/2021,Thursday,,105
20/05/2021,Thursday,,109
20/05/2021,Thursday,,130
20/05/2021,Thursday,,131
20/05/2021,Thursday,,122
20/05/2021,Thursday,,115
20/05/2021,Thursday,,102
20/05/2021,Thursday,,125
20/05/2021,Thursday,,129
20/05/2021,Thursday,,124
20/05/2021,Thursday,,112
20/05/2021,Thursday,,114
20/05/2021,Thursday,,110
20/05/2021,Thursday,,132
20/05/2021,Thursday,,145
20/05/2021,Thursday,,106
20/05/2021,Thursday,,138
20/05/2021,Thursday,,116
20/05/2021,Thursday,,172
20/05/2021,Thursday,,125
20/05/2021,Thursday,,139
20/05/2021,Thursday,,117
20/05/2021,Thursday,,87
20/05/2021,Thursday,,123
20/05/2021,Thursday,,121
20/05/2021,Thursday,,85
20/05/2021,Thursday,,76
20/05/2021,Thursday,,80
20/05/2021,Thursday,,54
20/05/2021,Thursday,,51
20/05/2021,Thursday,,50
20/05/2021,Thursday,,53
20/05/2021,Thursday,,32
20/05/2021,Thursday,,43
20/05/2021,Thursday,,39
20/05/2021,Thursday,,30
20/05/2021,Thursday,,32
20/05/2021,Thursday,,20
20/05/2021,Thursday,,27
20/05/2021,Thursday,,16
20/05/2021,Thursday,,22
20/05/2021,Thursday,,15
20/05/2021,Thursday,,15
20/05/2021,Thursday,,9
20/05/2021,Thursday,,7
20/05/2021,Thursday,,9
21/05/2021,Friday,,7
21/05/2021,Friday,,6
21/05/2021,Friday,,7
21/05/2021,Friday,,11
21/05/2021,Friday,,3
21/05/2021,Friday,,4
21/05/2021,Friday,,3
21/05/2021,Friday,,4
21/05/2021,Friday,,5
21/05/2021,Friday,,3
21/05/2021,Friday,,2
21/05/2021,Friday,,5
21/05/2021,Friday,,3
21/05/2021,Friday,,4
21/05/2021,Friday,,7
21/05/2021,Friday,,5
21/05/2021,Friday,,4
21/05/2021,Friday,,2
21/05/2021,Friday,,7
21/05/2021,Friday,,12
21/05/2021,Friday,,8
21/05/2021,Friday,,8
21/05/2021,Friday,,9
21/05/2021,Friday,,11
21/05/2021,Friday,,18
21/05/2021,Friday,,24
21/05/2021,Friday,,38
21/05/2021,Friday,,23
21/05/2021,Friday,,45
21/05/2021,Friday,,62
21/05/2021,Friday,,80
21/05/2021,Friday,,89
21/05/2021,Friday,,89
21/05/2021,Friday,,116
21/05/2021,Friday,,80
21/05/2021,Friday,,111
21/05/2021,Friday,,89
21/05/2021,Friday,,103
21/05/2021,Friday,,99
21/05/2021,Friday,,98
21/05/2021,Friday,,124
21/05/2021,Friday,,109
21/05/2021,Friday,,133
21/05/2021,Friday,,116
21/05/2021,Friday,,103
21/05/2021,Friday,,118
21/05/2021,Friday,,113
21/05/2021,Friday,,115
21/05/2021,Friday,,142
21/05/2021,Friday,,103
21/05/2021,Friday,,119
21/05/2021,Friday,,150
21/05/2021,Friday,,148
21/05/2021,Friday,,123
21/05/2021,Friday,,141
21/05/2021,Friday,,134
21/05/2021,Friday,,136
21/05/2021,Friday,,135
21/05/2021,Friday,,152
21/05/2021,Friday,,157
21/05/2021,Friday,,152
21/05/2021,Friday,,161
21/05/2021,Friday,,129
21/05/2021,Friday,,142
21/05/2021,Friday,,144
21/05/2021,Friday,,136
21/05/2021,Friday,,153
21/05/2021,Friday,,142
21/05/2021,Friday,,174
21/05/2021,Friday,,153
21/05/2021,Friday,,145
21/05/2021,Friday,,139
21/05/2021,Friday,,115
21/05/2021,Friday,,116
21/05/2021,Friday,,145
21/05/2021,Friday,,136
21/05/2021,Friday,,120
21/05/2021,Friday,,110
21/05/2021,Friday,,125
21/05/2021,Friday,,96
21/05/2021,Friday,,97
21/05/2021,Friday,,74
21/05/2021,Friday,,60
21/05/2021,Friday,,59
21/05/2021,Friday,,53
21/05/2021,Friday,,37
21/05/2021,Friday,,45
21/05/2021,Friday,,40
21/05/2021,Friday,,34
21/05/2021,Friday,,23
21/05/2021,Friday,,29
21/05/2021,Friday,,17
21/05/2021,Friday,,22
21/05/2021,Friday,,13
21/05/2021,Friday,,15
21/05/2021,Friday,,7
22/05/2021,Saturday,,9
22/05/2021,Saturday,,8
22/05/2021,Saturday,,7
22/05/2021,Saturday,,4
22/05/2021,Saturday,,2
22/05/2021,Saturday,,4
22/05/2021,Saturday,,9
22/05/2021,Saturday,,2
22/05/2021,Saturday,,3
22/05/2021,Saturday,,1
22/05/2021,Saturday,,3
22/05/2021,Saturday,,7
22/05/2021,Saturday,,2
22/05/2021,Saturday,,2
22/05/2021,Saturday,,2
22/05/2021,Saturday,,0
22/05/2021,Saturday,,3
22/05/2021,Saturday,,2
22/05/2021,Saturday,,6
22/05/2021,Saturday,,4
22/05/2021,Saturday,,3
22/05/2021,Saturday,,3
22/05/2021,Saturday,,8
22/05/2021,Saturday,,12
22/05/2021,Saturday,,13
22/05/2021,Saturday,,19
22/05/2021,Saturday,,31
22/05/2021,Saturday,,25
22/05/2021,Saturday,,36
22/05/2021,Saturday,,43
22/05/2021,Saturday,,63
22/05/2021,Saturday,,57
22/05/2021,Saturday,,79
22/05/2021,Saturday,,65
22/05/2021,Saturday,,93
22/05/2021,Saturday,,96
22/05/2021,Saturday,,93
22/05/2021,Saturday,,132
22/05/2021,Saturday,,115
22/05/2021,Saturday,,141
22/05/2021,Saturday,,171
22/05/2021,Saturday,,160
22/05/2021,Saturday,,171
22/05/2021,Saturday,,148
22/05/2021,Saturday,,162
22/05/2021,Saturday,,179
22/05/2021,Saturday,,178
22/05/2021,Saturday,,152
22/05/2021,Saturday,,208
22/05/2021,Saturday,,137
22/05/2021,Saturday,,161
22/05/2021,Saturday,,186
22/05/2021,Saturday,,146
22/05/2021,Saturday,,161
22/05/2021,Saturday,,145
22/05/2021,Saturday,,136
22/05/2021,Saturday,,134
22/05/2021,Saturday,,136
22/05/2021,Saturday,,123
22/05/2021,Saturday,,142
22/05/2021,Saturday,,120
22/05/2021,Saturday,,119
22/05/2021,Saturday,,86
22/05/2021,Saturday,,108
22/05/2021,Saturday,,114
22/05/2021,Saturday,,112
22/05/2021,Saturday,,98
22/05/2021,Saturday,,109
22/05/2021,Saturday,,95
22/05/2021,Saturday,,94
22/05/2021,Saturday,,105
22/05/2021,Saturday,,98
22/05/2021,Saturday,,91
22/05/2021,Saturday,,83
22/05/2021,Saturday,,99
22/05/2021,Saturday,,72
22/05/2021,Saturday,,78
22/05/2021,Saturday,,58
22/05/2021,Saturday,,54
22/05/2021,Saturday,,47
22/05/2021,Saturday,,48
22/05/2021,Saturday,,43
22/05/2021,Saturday,,39
22/05/2021,Saturday,,43
22/05/2021,Saturday,,33
22/05/2021,Saturday,,44
22/05/2021,Saturday,,39
22/05/2021,Saturday,,29
22/05/2021,Saturday,,28
22/05/2021,Saturday,,20
22/05/2021,Saturday,,21
22/05/2021,Saturday,,14
22/05/2021,Saturday,,19
22/05/2021,Saturday,,29
22/05/2021,Saturday,,16
22/05/2021,Saturday,,5
23/05/2021,Sunday,,11
23/05/2021,Sunday,,12
23/05/2021,Sunday,,7
23/05/2021,Sunday,,8
23/05/2021,Sunday,,5
23/05/2021,Sunday,,6
23/05/2021,Sunday,,4
23/05/2021,Sunday,,3
23/05/2021,Sunday,,6
23/05/2021,Sunday,,2
23/05/2021,Sunday,,4
23/05/2021,Sunday,,2
23/05/2021,Sunday,,3
23/05/2021,Sunday,,1
23/05/2021,Sunday,,0
23/05/2021,Sunday,,2
23/05/2021,Sunday,,1
23/05/2021,Sunday,,0
23/05/2021,Sunday,,4
23/05/2021,Sunday,,5
23/05/2021,Sunday,,2
23/05/2021,Sunday,,3
23/05/2021,Sunday,,6
23/05/2021,Sunday,,2
23/05/2021,Sunday,,10
23/05/2021,Sunday,,14
23/05/2021,Sunday,,27
23/05/2021,Sunday,,16
23/05/2021,Sunday,,28
23/05/2021,Sunday,,27
23/05/2021,Sunday,,30
23/05/2021,Sunday,,31
23/05/2021,Sunday,,41
23/05/2021,Sunday,,53
23/05/2021,Sunday,,59
23/05/2021,Sunday,,71
23/05/2021,Sunday,,91
23/05/2021,Sunday,,109
23/05/2021,Sunday,,114
23/05/2021,Sunday,,156
23/05/2021,Sunday,,138
23/05/2021,Sunday,,141
23/05/2021,Sunday,,148
23/05/2021,Sunday,,150
23/05/2021,Sunday,,178
23/05/2021,Sunday,,135
23/05/2021,Sunday,,151
23/05/2021,Sunday,,131
23/05/2021,Sunday,,126
23/05/2021,Sunday,,160
23/05/2021,Sunday,,133
23/05/2021,Sunday,,122
23/05/2021,Sunday,,152
23/05/2021,Sunday,,128
23/05/2021,Sunday,,142
23/05/2021,Sunday,,120
23/05/2021,Sunday,,133
23/05/2021,Sunday,,106
23/05/2021,Sunday,,101
23/05/2021,Sunday,,102
23/05/2021,Sunday,,102
23/05/2021,Sunday,,94
23/05/2021,Sunday,,123
23/05/2021,Sunday,,86
23/05/2021,Sunday,,98
23/05/2021,Sunday,,77
23/05/2021,Sunday,,64
23/05/2021,Sunday,,76
23/05/2021,Sunday,,70
23/05/2021,Sunday,,67
23/05/2021,Sunday,,62
23/05/2021,Sunday,,63
23/05/2021,Sunday,,68
23/05/2021,Sunday,,76
23/05/2021,Sunday,,54
23/05/2021,Sunday,,74
23/05/2021,Sunday,,41
23/05/2021,Sunday,,35
23/05/2021,Sunday,,52
23/05/2021,Sunday,,43
23/05/2021,Sunday,,46
23/05/2021,Sunday,,45
23/05/2021,Sunday,,38
23/05/2021,Sunday,,26
23/05/2021,Sunday,,25
23/05/2021,Sunday,,28
23/05/2021,Sunday,,22
23/05/2021,Sunday,,16
23/05/2021,Sunday,,19
23/05/2021,Sunday,,19
23/05/2021,Sunday,,16
23/05/2021,Sunday,,12
23/05/2021,Sunday,,13
23/05/2021,Sunday,,8
23/05/2021,Sunday,,3
23/05/2021,Sunday,,7
24/05/2021,Monday,,6
24/05/2021,Monday,,9
24/05/2021,Monday,,2
24/05/2021,Monday,,3
24/05/2021,Monday,,1
24/05/2021,Monday,,2
24/05/2021,Monday,,4
24/05/2021,Monday,,2
24/05/2021,Monday,,3
24/05/2021,Monday,,3
24/05/2021,Monday,,1
24/05/2021,Monday,,3
24/05/2021,Monday,,0
24/05/2021,Monday,,1
24/05/2021,Monday,,2
24/05/2021,Monday,,2
24/05/2021,Monday,,2
24/05/2021,Monday,,2
24/05/2021,Monday,,10
24/05/2021,Monday,,4
24/05/2021,Monday,,10
24/05/2021,Monday,,1
24/05/2021,Monday,,11
24/05/2021,Monday,,15
24/05/2021,Monday,,21
24/05/2021,Monday,,25
24/05/2021,Monday,,26
24/05/2021,Monday,,39
24/05/2021,Monday,,54
24/05/2021,Monday,,68
24/05/2021,Monday,,83
24/05/2021,Monday,,87
24/05/2021,Monday,,69
24/05/2021,Monday,,99
24/05/2021,Monday,,101
24/05/2021,Monday,,94
24/05/2021,Monday,,87
24/05/2021,Monday,,103
24/05/2021,Monday,,118
24/05/2021,Monday,,123
24/05/2021,Monday,,110
24/05/2021,Monday,,114
24/05/2021,Monday,,124
24/05/2021,Monday,,120
24/05/2021,Monday,,125
24/05/2021,Monday,,132
24/05/2021,Monday,,134
24/05/2021,Monday,,113
24/05/2021,Monday,,118
24/05/2021,Monday,,107
24/05/2021,Monday,,130
24/05/2021,Monday,,110
24/05/2021,Monday,,117
24/05/2021,Monday,,119
24/05/2021,Monday,,125
24/05/2021,Monday,,114
24/05/2021,Monday,,139
24/05/2021,Monday,,132
24/05/2021,Monday,,118
24/05/2021,Monday,,98
24/05/2021,Monday,,121
24/05/2021,Monday,,88
24/05/2021,Monday,,116
24/05/2021,Monday,,123
24/05/2021,Monday,,160
24/05/2021,Monday,,124
24/05/2021,Monday,,134
24/05/2021,Monday,,115
24/05/2021,Monday,,153
24/05/2021,Monday,,119
24/05/2021,Monday,,120
24/05/2021,Monday,,114
24/05/2021,Monday,,109
24/05/2021,Monday,,130
24/05/2021,Monday,,82
24/05/2021,Monday,,69
24/05/2021,Monday,,54
24/05/2021,Monday,,49
24/05/2021,Monday,,64
24/05/2021,Monday,,58
24/05/2021,Monday,,41
24/05/2021,Monday,,42
24/05/2021,Monday,,46
24/05/2021,Monday,,35
24/05/2021,Monday,,30
24/05/2021,Monday,,30
24/05/2021,Monday,,18
24/05/2021,Monday,,15
24/05/2021,Monday,,30
24/05/2021,Monday,,23
24/05/2021,Monday,,19
24/05/2021,Monday,,16
24/05/2021,Monday,,15
24/05/2021,Monday,,6
24/05/2021,Monday,,6
24/05/2021,Monday,,5
25/05/2021,Tuesday,,5
25/05/2021,Tuesday,,4
25/05/2021,Tuesday,,7
25/05/2021,Tuesday,,0
25/05/2021,Tuesday,,6
25/05/2021,Tuesday,,2
25/05/2021,Tuesday,,0
25/05/2021,Tuesday,,5
25/05/2021,Tuesday,,1
25/05/2021,Tuesday,,1
25/05/2021,Tuesday,,3
25/05/2021,Tuesday,,4
25/05/2021,Tuesday,,2
25/05/2021,Tuesday,,1
25/05/2021,Tuesday,,7
25/05/2021,Tuesday,,6
25/05/2021,Tuesday,,4
25/05/2021,Tuesday,,2
25/05/2021,Tuesday,,6
25/05/2021,Tuesday,,10
25/05/2021,Tuesday,,5
25/05/2021,Tuesday,,3
25/05/2021,Tuesday,,7
25/05/2021,Tuesday,,11
25/05/2021,Tuesday,,23
25/05/2021,Tuesday,,37
25/05/2021,Tuesday,,29
25/05/2021,Tuesday,,27
25/05/2021,Tuesday,,45
25/05/2021,Tuesday,,55
25/05/2021,Tuesday,,85
25/05/2021,Tuesday,,82
25/05/2021,Tuesday,,110
25/05/2021,Tuesday,,101
25/05/2021,Tuesday,,111
25/05/2021,Tuesday,,93
25/05/2021,Tuesday,,79
25/05/2021,Tuesday,,89
25/05/2021,Tuesday,,110
25/05/2021,Tuesday,,127
25/05/2021,Tuesday,,101
25/05/2021,Tuesday,,97
25/05/2021,Tuesday,,100
25/05/2021,Tuesday,,104
25/05/2021,Tuesday,,102
25/05/2021,Tuesday,,121
25/05/2021,Tuesday,,96
25/05/2021,Tuesday,,120
25/05/2021,Tuesday,,129
25/05/2021,Tuesday,,100
25/05/2021,Tuesday,,112
25/05/2021,Tuesday,,116
25/05/2021,Tuesday,,95
25/05/2021,Tuesday,,91
25/05/2021,Tuesday,,117
25/05/2021,Tuesday,,107
25/05/2021,Tuesday,,108
25/05/2021,Tuesday,,129
25/05/2021,Tuesday,,117
25/05/2021,Tuesday,,80
25/05/2021,Tuesday,,92
25/05/2021,Tuesday,,122
25/05/2021,Tuesday,,107
25/05/2021,Tuesday,,101
25/05/2021,Tuesday,,125
25/05/2021,Tuesday,,114
25/05/2021,Tuesday,,106
25/05/2021,Tuesday,,97
25/05/2021,Tuesday,,163
25/05/2021,Tuesday,,129
25/05/2021,Tuesday,,118
25/05/2021,Tuesday,,106
25/05/2021,Tuesday,,110
25/05/2021,Tuesday,,104
25/05/2021,Tuesday,,99
25/05/2021,Tuesday,,102
25/05/2021,Tuesday,,74
25/05/2021,Tuesday,,53
25/05/2021,Tuesday,,58
25/05/2021,Tuesday,,46
25/05/2021,Tuesday,,50
25/05/2021,Tuesday,,23
25/05/2021,Tuesday,,34
25/05/2021,Tuesday,,24
25/05/2021,Tuesday,,40
25/05/2021,Tuesday,,28
25/05/2021,Tuesday,,29
25/05/2021,Tuesday,,21
25/05/2021,Tuesday,,28
25/05/2021,Tuesday,,23
25/05/2021,Tuesday,,15
25/05/2021,Tuesday,,17
25/05/2021,Tuesday,,11
25/05/2021,Tuesday,,13
25/05/2021,Tuesday,,9
25/05/2021,Tuesday,,3
26/05/2021,Wednesday,,8
26/05/2021,Wednesday,,5
26/05/2021,Wednesday,,1
26/05/2021,Wednesday,,1
26/05/2021,Wednesday,,2
26/05/2021,Wednesday,,2
26/05/2021,Wednesday,,4
26/05/2021,Wednesday,,1
26/05/2021,Wednesday,,1
26/05/2021,Wednesday,,4
26/05/2021,Wednesday,,1
26/05/2021,Wednesday,,2
26/05/2021,Wednesday,,5
26/05/2021,Wednesday,,4
26/05/2021,Wednesday,,4
26/05/2021,Wednesday,,0
26/05/2021,Wednesday,,3
26/05/2021,Wednesday,,8
26/05/2021,Wednesday,,5
26/05/2021,Wednesday,,11
26/05/2021,Wednesday,,10
26/05/2021,Wednesday,,11
26/05/2021,Wednesday,,11
26/05/2021,Wednesday,,12
26/05/2021,Wednesday,,32
26/05/2021,Wednesday,,27
26/05/2021,Wednesday,,36
26/05/2021,Wednesday,,31
26/05/2021,Wednesday,,42
26/05/2021,Wednesday,,58
26/05/2021,Wednesday,,96
26/05/2021,Wednesday,,90
26/05/2021,Wednesday,,94
26/05/2021,Wednesday,,99
26/05/2021,Wednesday,,99
26/05/2021,Wednesday,,84
26/05/2021,Wednesday,,90
26/05/2021,Wednesday,,83
26/05/2021,Wednesday,,90
26/05/2021,Wednesday,,118
26/05/2021,Wednesday,,88
26/05/2021,Wednesday,,98
26/05/2021,Wednesday,,116
26/05/2021,Wednesday,,110
26/05/2021,Wednesday,,129
26/05/2021,Wednesday,,113
26/05/2021,Wednesday,,120
26/05/2021,Wednesday,,120
26/05/2021,Wednesday,,134
26/05/2021,Wednesday,,111
26/05/2021,Wednesday,,111
26/05/2021,Wednesday,,126
26/05/2021,Wednesday,,113
26/05/2021,Wednesday,,111
26/05/2021,Wednesday,,114
26/05/2021,Wednesday,,87
26/05/2021,Wednesday,,125
26/05/2021,Wednesday,,96
26/05/2021,Wednesday,,125
26/05/2021,Wednesday,,90
26/05/2021,Wednesday,,94
26/05/2021,Wednesday,,104
26/05/2021,Wednesday,,121
26/05/2021,Wednesday,,103
26/05/2021,Wednesday,,140
26/05/2021,Wednesday,,116
26/05/2021,Wednesday,,120
26/05/2021,Wednesday,,104
26/05/2021,Wednesday,,149
26/05/2021,Wednesday,,134
26/05/2021,Wednesday,,121
26/05/2021,Wednesday,,120
26/05/2021,Wednesday,,112
26/05/2021,Wednesday,,97
26/05/2021,Wednesday,,97
26/05/2021,Wednesday,,84
26/05/2021,Wednesday,,79
26/05/2021,Wednesday,,66
26/05/2021,Wednesday,,48
26/05/2021,Wednesday,,47
26/05/2021,Wednesday,,67
26/05/2021,Wednesday,,45
26/05/2021,Wednesday,,36
26/05/2021,Wednesday,,31
26/05/2021,Wednesday,,32
26/05/2021,Wednesday,,36
26/05/2021,Wednesday,,28
26/05/2021,Wednesday,,26
26/05/2021,Wednesday,,29
26/05/2021,Wednesday,,19
26/05/2021,Wednesday,,29
26/05/2021,Wednesday,,22
26/05/2021,Wednesday,,13
26/05/2021,Wednesday,,8
26/05/2021,Wednesday,,10
26/05/2021,Wednesday,,7
27/05/2021,Thursday,,6
27/05/2021,Thursday,,5
27/05/2021,Thursday,,2
27/05/2021,Thursday,,5
27/05/2021,Thursday,,3
27/05/2021,Thursday,,2
27/05/2021,Thursday,,6
27/05/2021,Thursday,,1
27/05/2021,Thursday,,4
27/05/2021,Thursday,,0
27/05/2021,Thursday,,0
27/05/2021,Thursday,,3
27/05/2021,Thursday,,6
27/05/2021,Thursday,,4
27/05/2021,Thursday,,7
27/05/2021,Thursday,,3
27/05/2021,Thursday,,4
27/05/2021,Thursday,,2
27/05/2021,Thursday,,5
27/05/2021,Thursday,,11
27/05/2021,Thursday,,5
27/05/2021,Thursday,,5
27/05/2021,Thursday,,7
27/05/2021,Thursday,,13
27/05/2021,Thursday,,31
27/05/2021,Thursday,,32
27/05/2021,Thursday,,45
27/05/2021,Thursday,,27
27/05/2021,Thursday,,54
27/05/2021,Thursday,,63
27/05/2021,Thursday,,75
27/05/2021,Thursday,,114
27/05/2021,Thursday,,99
27/05/2021,Thursday,,95
27/05/2021,Thursday,,101
27/05/2021,Thursday,,94
27/05/2021,Thursday,,99
27/05/2021,Thursday,,98
27/05/2021,Thursday,,95
27/05/2021,Thursday,,125
27/05/2021,Thursday,,130
27/05/2021,Thursday,,123
27/05/2021,Thursday,,141
27/05/2021,Thursday,,141
27/05/2021,Thursday,,136
27/05/2021,Thursday,,123
27/05/2021,Thursday,,161
27/05/2021,Thursday,,119
27/05/2021,Thursday,,98
27/05/2021,Thursday,,166
27/05/2021,Thursday,,119
27/05/2021,Thursday,,135
27/05/2021,Thursday,,115
27/05/2021,Thursday,,117
27/05/2021,Thursday,,103
27/05/2021,Thursday,,118
27/05/2021,Thursday,,119
27/05/2021,Thursday,,126
27/05/2021,Thursday,,113
27/05/2021,Thursday,,115
27/05/2021,Thursday,,108
27/05/2021,Thursday,,115
27/05/2021,Thursday,,120
27/05/2021,Thursday,,93
27/05/2021,Thursday,,132
27/05/2021,Thursday,,119
27/05/2021,Thursday,,123
27/05/2021,Thursday,,136
27/05/2021,Thursday,,162
27/05/2021,Thursday,,112
27/05/2021,Thursday,,120
27/05/2021,Thursday,,105
27/05/2021,Thursday,,112
27/05/2021,Thursday,,106
27/05/2021,Thursday,,120
27/05/2021,Thursday,,100
27/05/2021,Thursday,,86
27/05/2021,Thursday,,71
27/05/2021,Thursday,,79
27/05/2021,Thursday,,53
27/05/2021,Thursday,,63
27/05/2021,Thursday,,49
27/05/2021,Thursday,,50
27/05/2021,Thursday,,46
27/05/2021,Thursday,,47
27/05/2021,Thursday,,59
27/05/2021,Thursday,,31
27/05/2021,Thursday,,17
27/05/2021,Thursday,,34
27/05/2021,Thursday,,26
27/05/2021,Thursday,,32
27/05/2021,Thursday,,21
27/05/2021,Thursday,,13
27/05/2021,Thursday,,13
27/05/2021,Thursday,,12
27/05/2021,Thursday,,12
28/05/2021,Friday,,19
28/05/2021,Friday,,9
28/05/2021,Friday,,6
28/05/2021,Friday,,1
28/05/2021,Friday,,4
28/05/2021,Friday,,8
28/05/2021,Friday,,7
28/05/2021,Friday,,7
28/05/2021,Friday,,5
28/05/2021,Friday,,3
28/05/2021,Friday,,4
28/05/2021,Friday,,3
28/05/2021,Friday,,0
28/05/2021,Friday,,2
28/05/2021,Friday,,5
28/05/2021,Friday,,4
28/05/2021,Friday,,7
28/05/2021,Friday,,0
28/05/2021,Friday,,10
28/05/2021,Friday,,12
28/05/2021,Friday,,6
28/05/2021,Friday,,8
28/05/2021,Friday,,9
28/05/2021,Friday,,12
28/05/2021,Friday,,14
28/05/2021,Friday,,30
28/05/2021,Friday,,37
28/05/2021,Friday,,37
28/05/2021,Friday,,46
28/05/2021,Friday,,72
28/05/2021,Friday,,79
28/05/2021,Friday,,101
28/05/2021,Friday,,102
28/05/2021,Friday,,87
28/05/2021,Friday,,124
28/05/2021,Friday,,95
28/05/2021,Friday,,99
28/05/2021,Friday,,120
28/05/2021,Friday,,105
28/05/2021,Friday,,109
28/05/2021,Friday,,131
28/05/2021,Friday,,135
28/05/2021,Friday,,124
28/05/2021,Friday,,136
28/05/2021,Friday,,126
28/05/2021,Friday,,153
28/05/2021,Friday,,122
28/05/2021,Friday,,144
28/05/2021,Friday,,136
28/05/2021,Friday,,144
28/05/2021,Friday,,134
28/05/2021,Friday,,134
28/05/2021,Friday,,158
28/05/2021,Friday,,147
28/05/2021,Friday,,145
28/05/2021,Friday,,147
28/05/2021,Friday,,138
28/05/2021,Friday,,125
28/05/2021,Friday,,128
28/05/2021,Friday,,114
28/05/2021,Friday,,105
28/05/2021,Friday,,133
28/05/2021,Friday,,141
28/05/2021,Friday,,127
28/05/2021,Friday,,134
28/05/2021,Friday,,133
28/05/2021,Friday,,160
28/05/2021,Friday,,134
28/05/2021,Friday,,149
28/05/2021,Friday,,138
28/05/2021,Friday,,155
28/05/2021,Friday,,122
28/05/2021,Friday,,157
28/05/2021,Friday,,113
28/05/2021,Friday,,138
28/05/2021,Friday,,127
28/05/2021,Friday,,116
28/05/2021,Friday,,104
28/05/2021,Friday,,124
28/05/2021,Friday,,107
28/05/2021,Friday,,98
28/05/2021,Friday,,95
28/05/2021,Friday,,81
28/05/2021,Friday,,71
28/05/2021,Friday,,84
28/05/2021,Friday,,64
28/05/2021,Friday,,72
28/05/2021,Friday,,53
28/05/2021,Friday,,40
28/05/2021,Friday,,37
28/05/2021,Friday,,46
28/05/2021,Friday,,24
28/05/2021,Friday,,26
28/05/2021,Friday,,24
28/05/2021,Friday,,23
28/05/2021,Friday,,22
29/05/2021,Saturday,,16
29/05/2021,Saturday,,17
29/05/2021,Saturday,,11
29/05/2021,Saturday,,11
29/05/2021,Saturday,,4
29/05/2021,Saturday,,6
29/05/2021,Saturday,,5
29/05/2021,Saturday,,4
29/05/2021,Saturday,,0
29/05/2021,Saturday,,2
29/05/2021,Saturday,,5
29/05/2021,Saturday,,3
29/05/2021,Saturday,,8
29/05/2021,Saturday,,3
29/05/2021,Saturday,,4
29/05/2021,Saturday,,1
29/05/2021,Saturday,,6
29/05/2021,Saturday,,4
29/05/2021,Saturday,,4
29/05/2021,Saturday,,5
29/05/2021,Saturday,,5
29/05/2021,Saturday,,2
29/05/2021,Saturday,,3
29/05/2021,Saturday,,13
29/05/2021,Saturday,,11
29/05/2021,Saturday,,19
29/05/2021,Saturday,,29
29/05/2021,Saturday,,25
29/05/2021,Saturday,,19
29/05/2021,Saturday,,28
29/05/2021,Saturday,,44
29/05/2021,Saturday,,58
29/05/2021,Saturday,,83
29/05/2021,Saturday,,74
29/05/2021,Saturday,,97
29/05/2021,Saturday,,113
29/05/2021,Saturday,,124
29/05/2021,Saturday,,129
29/05/2021,Saturday,,138
29/05/2021,Saturday,,152
29/05/2021,Saturday,,139
29/05/2021,Saturday,,147
29/05/2021,Saturday,,188
29/05/2021,Saturday,,175
29/05/2021,Saturday,,154
29/05/2021,Saturday,,163
29/05/2021,Saturday,,169
29/05/2021,Saturday,,135
29/05/2021,Saturday,,166
29/05/2021,Saturday,,150
29/05/2021,Saturday,,131
29/05/2021,Saturday,,169
29/05/2021,Saturday,,176
29/05/2021,Saturday,,179
29/05/2021,Saturday,,163
29/05/2021,Saturday,,166
29/05/2021,Saturday,,155
29/05/2021,Saturday,,157
29/05/2021,Saturday,,153
29/05/2021,Saturday,,136
29/05/2021,Saturday,,120
29/05/2021,Saturday,,142
29/05/2021,Saturday,,123
29/05/2021,Saturday,,132
29/05/2021,Saturday,,131
29/05/2021,Saturday,,148
29/05/2021,Saturday,,105
29/05/2021,Saturday,,109
29/05/2021,Saturday,,102
29/05/2021,Saturday,,97
29/05/2021,Saturday,,97
29/05/2021,Saturday,,131
29/05/2021,Saturday,,97
29/05/2021,Saturday,,103
29/05/2021,Saturday,,105
29/05/2021,Saturday,,91
29/05/2021,Saturday,,62
29/05/2021,Saturday,,80
29/05/2021,Saturday,,71
29/05/2021,Saturday,,71
29/05/2021,Saturday,,63
29/05/2021,Saturday,,47
29/05/2021,Saturday,,55
29/05/2021,Saturday,,39
29/05/2021,Saturday,,45
29/05/2021,Saturday,,46
29/05/2021,Saturday,,32
29/05/2021,Saturday,,35
29/05/2021,Saturday,,21
29/05/2021,Saturday,,31
29/05/2021,Saturday,,17
29/05/2021,Saturday,,9
29/05/2021,Saturday,,18
29/05/2021,Saturday,,26
29/05/2021,Saturday,,13
29/05/2021,Saturday,,17
30/05/2021,Sunday,,16
30/05/2021,Sunday,,11
30/05/2021,Sunday,,8
30/05/2021,Sunday,,6
30/05/2021,Sunday,,6
30/05/2021,Sunday,,6
30/05/2021,Sunday,,3
30/05/2021,Sunday,,8
30/05/2021,Sunday,,3
30/05/2021,Sunday,,0
30/05/2021,Sunday,,7
30/05/2021,Sunday,,1
30/05/2021,Sunday,,2
30/05/2021,Sunday,,1
30/05/2021,Sunday,,2
30/05/2021,Sunday,,1
30/05/2021,Sunday,,1
30/05/2021,Sunday,,0
30/05/2021,Sunday,,3
30/05/2021,Sunday,,0
30/05/2021,Sunday,,3
30/05/2021,Sunday,,2
30/05/2021,Sunday,,7
30/05/2021,Sunday,,6
30/05/2021,Sunday,,6
30/05/2021,Sunday,,16
30/05/2021,Sunday,,26
30/05/2021,Sunday,,10
30/05/2021,Sunday,,18
30/05/2021,Sunday,,15
30/05/2021,Sunday,,21
30/05/2021,Sunday,,34
30/05/2021,Sunday,,27
30/05/2021,Sunday,,47
30/05/2021,Sunday,,70
30/05/2021,Sunday,,87
30/05/2021,Sunday,,149
30/05/2021,Sunday,,164
30/05/2021,Sunday,,178
30/05/2021,Sunday,,194
30/05/2021,Sunday,,199
30/05/2021,Sunday,,188
30/05/2021,Sunday,,175
30/05/2021,Sunday,,158
30/05/2021,Sunday,,161
30/05/2021,Sunday,,195
30/05/2021,Sunday,,204
30/05/2021,Sunday,,165
30/05/2021,Sunday,,174
30/05/2021,Sunday,,180
30/05/2021,Sunday,,193
30/05/2021,Sunday,,200
30/05/2021,Sunday,,187
30/05/2021,Sunday,,181
30/05/2021,Sunday,,192
30/05/2021,Sunday,,151
30/05/2021,Sunday,,166
30/05/2021,Sunday,,177
30/05/2021,Sunday,,149
30/05/2021,Sunday,,173
30/05/2021,Sunday,,159
30/05/2021,Sunday,,126
30/05/2021,Sunday,,129
30/05/2021,Sunday,,127
30/05/2021,Sunday,,106
30/05/2021,Sunday,,122
30/05/2021,Sunday,,95
30/05/2021,Sunday,,110
30/05/2021,Sunday,,110
30/05/2021,Sunday,,93
30/05/2021,Sunday,,83
30/05/2021,Sunday,,76
30/05/2021,Sunday,,77
30/05/2021,Sunday,,77
30/05/2021,Sunday,,76
30/05/2021,Sunday,,94
30/05/2021,Sunday,,37
30/05/2021,Sunday,,62
30/05/2021,Sunday,,73
30/05/2021,Sunday,,49
30/05/2021,Sunday,,52
30/05/2021,Sunday,,47
30/05/2021,Sunday,,35
30/05/2021,Sunday,,29
30/05/2021,Sunday,,38
30/05/2021,Sunday,,35
30/05/2021,Sunday,,34
30/05/2021,Sunday,,30
30/05/2021,Sunday,,26
30/05/2021,Sunday,,34
30/05/2021,Sunday,,18
30/05/2021,Sunday,,18
30/05/2021,Sunday,,15
30/05/2021,Sunday,,25
30/05/2021,Sunday,,17
30/05/2021,Sunday,,8
31/05/2021,Monday,,20
31/05/2021,Monday,,4
31/05/2021,Monday,,7
31/05/2021,Monday,,1
31/05/2021,Monday,,5
31/05/2021,Monday,,4
31/05/2021,Monday,,3
31/05/2021,Monday,,0
31/05/2021,Monday,,4
31/05/2021,Monday,,0
31/05/2021,Monday,,4
31/05/2021,Monday,,1
31/05/2021,Monday,,2
31/05/2021,Monday,,0
31/05/2021,Monday,,3
31/05/2021,Monday,,3
31/05/2021,Monday,,4
31/05/2021,Monday,,1
31/05/2021,Monday,,4
31/05/2021,Monday,,1
31/05/2021,Monday,,3
31/05/2021,Monday,,6
31/05/2021,Monday,,5
31/05/2021,Monday,,12
31/05/2021,Monday,,8
31/05/2021,Monday,,12
31/05/2021,Monday,,22
31/05/2021,Monday,,21
31/05/2021,Monday,,14
31/05/2021,Monday,,23
31/05/2021,Monday,,26
31/05/2021,Monday,,28
31/05/2021,Monday,,45
31/05/2021,Monday,,65
31/05/2021,Monday,,82
31/05/2021,Monday,,118
31/05/2021,Monday,,128
31/05/2021,Monday,,
31/05/2021,Monday,,
31/05/2021,Monday,,
31/05/2021,Monday,,
31/05/2021,Monday,,
31/05/2021,Monday,,
31/05/2021,Monday,,
31/05/2021,Monday,,
31/05/2021,Monday,,
31/05/2021,Monday,,
31/05/2021,Monday,,
31/05/2021,Monday,,
31/05/2021,Monday,,
31/05/2021,Monday,,
31/05/2021,Monday,,
31/05/2021,Monday,,
31/05/2021,Monday,,
31/05/2021,Monday,,
31/05/2021,Monday,,
31/05/2021,Monday,,
31/05/2021,Monday,,
31/05/2021,Monday,,
31/05/2021,Monday,,
31/05/2021,Monday,,
31/05/2021,Monday,,
31/05/2021,Monday,,
31/05/2021,Monday,,
31/05/2021,Monday,,
31/05/2021,Monday,,
31/05/2021,Monday,,
31/05/2021,Monday,,
31/05/2021,Monday,,
31/05/2021,Monday,,
31/05/2021,Monday,,
31/05/2021,Monday,,
31/05/2021,Monday,,
31/05/2021,Monday,,
31/05/2021,Monday,,
31/05/2021,Monday,,
31/05/2021,Monday,,
31/05/2021,Monday,,
31/05/2021,Monday,,
31/05/2021,Monday,,
31/05/2021,Monday,,
31/05/2021,Monday,,
31/05/2021,Monday,,
31/05/2021,Monday,,
31/05/2021,Monday,,
31/05/2021,Monday,,
31/05/2021,Monday,,
31/05/2021,Monday,,
31/05/2021,Monday,,
31/05/2021,Monday,,
31/05/2021,Monday,,
31/05/2021,Monday,,
31/05/2021,Monday,,
31/05/2021,Monday,,
31/05/2021,Monday,,
31/05/2021,Monday,,
